CustomerID,InvoiceDate,InvoiceNo,OrderID,Quantity,UnitPrice,Sales,StockCode,Description,Country,PaymentMethod,Order_Status
CUST-1119,2025-09-17 15:00:00,INV-540001,INV-540001,1,7.23,7.23,STK-84029G,KNITTED UNION FLAG HOT WATER BOTTLE,United Kingdom,Credit Card,Delivered
CUST-1037,2025-09-17 19:00:00,INV-540002,INV-540002,2,3.42,6.84,STK-22632,HAND WARMER RED POLKA DOT,United Kingdom,PayPal,Delivered
CUST-1047,2025-09-19 09:00:00,INV-540003,INV-540003,2,8.61,17.22,STK-22752,SET 7 BABUSHKA NESTING BOXES,Germany,Credit Card,Delivered
CUST-1076,2025-09-19 12:00:00,INV-540004,INV-540004,1,4.35,4.35,STK-84406B,CREAM CUPID HEARTS COAT HANGER,United Kingdom,PayPal,Delivered
CUST-1119,2025-09-19 15:00:00,INV-540005,INV-540005,4,2.31,9.24,STK-22632,HAND WARMER RED POLKA DOT,United Kingdom,Credit Card,Delivered
CUST-1119,2025-09-20 12:00:00,INV-540006,INV-540006,1,1.84,1.84,STK-22632,HAND WARMER RED POLKA DOT,France,Bank Transfer,Delivered
CUST-1040,2025-09-21 08:00:00,INV-540007,INV-540007,2,3.4,6.8,STK-84406B,CREAM CUPID HEARTS COAT HANGER,Belgium,Credit Card,Delivered
CUST-1084,2025-09-21 09:00:00,INV-540008,INV-540008,1,2.98,2.98,STK-22633,HAND WARMER UNION JACK,United Kingdom,Credit Card,Shipped
CUST-1095,2025-09-22 08:00:00,INV-540009,INV-540009,1,2.39,2.39,STK-22632,HAND WARMER RED POLKA DOT,United Kingdom,Credit Card,Processing
CUST-1052,2025-09-22 11:00:00,INV-540010,INV-540010,2,3.46,6.92,STK-85123A,WHITE HANGING HEART T-LIGHT HOLDER,United Kingdom,PayPal,Delivered
CUST-1091,2025-09-22 14:00:00,INV-540011,INV-540011,1,9.88,9.88,STK-22752,SET 7 BABUSHKA NESTING BOXES,United Kingdom,Debit Card,Cancelled
CUST-1022,2025-09-23 11:00:00,INV-540012,INV-540012,1,3.53,3.53,STK-71053,WHITE METAL LANTERN,United Kingdom,Credit Card,Delivered
CUST-1091,2025-09-23 18:00:00,INV-540013,INV-540013,1,13.74,13.74,STK-22752,SET 7 BABUSHKA NESTING BOXES,Belgium,PayPal,Delivered
CUST-1108,2025-09-24 09:00:00,INV-540014,INV-540014,2,3.17,6.34,STK-84029E,RED WOOLLY HOTTIE WHITE HEART,United Kingdom,Bank Transfer,Cancelled
CUST-1119,2025-09-24 14:00:00,INV-540015,INV-540015,2,3.31,6.62,STK-84406B,CREAM CUPID HEARTS COAT HANGER,United Kingdom,Credit Card,Delivered
CUST-1006,2025-09-24 16:00:00,INV-540016,INV-540016,1,13.68,13.68,STK-22752,SET 7 BABUSHKA NESTING BOXES,United Kingdom,Debit Card,Processing
CUST-1058,2025-09-24 16:00:00,INV-540017,INV-540017,2,3.09,6.18,STK-22632,HAND WARMER RED POLKA DOT,United Kingdom,Credit Card,Shipped
CUST-1037,2025-09-25 08:00:00,INV-540018,INV-540018,4,7.14,28.56,STK-84029G,KNITTED UNION FLAG HOT WATER BOTTLE,United Kingdom,Debit Card,Delivered
CUST-1063,2025-09-25 09:00:00,INV-540019,INV-540019,1,9.2,9.2,STK-22752,SET 7 BABUSHKA NESTING BOXES,Germany,PayPal,Shipped
CUST-1084,2025-09-26 17:00:00,INV-540020,INV-540020,1,3.35,3.35,STK-22633,HAND WARMER UNION JACK,France,PayPal,Delivered
CUST-1006,2025-09-26 18:00:00,INV-540021,INV-540021,2,6.94,13.88,STK-71053,WHITE METAL LANTERN,Germany,Credit Card,Delivered
CUST-1047,2025-09-26 19:00:00,INV-540022,INV-540022,1,3.21,3.21,STK-22632,HAND WARMER RED POLKA DOT,Germany,Credit Card,Shipped
CUST-1119,2025-09-27 12:00:00,INV-540023,INV-540023,1,4.7,4.7,STK-84029E,RED WOOLLY HOTTIE WHITE HEART,United Kingdom,Bank Transfer,Delivered
CUST-1084,2025-09-28 14:00:00,INV-540024,INV-540024,1,7.1,7.1,STK-84029G,KNITTED UNION FLAG HOT WATER BOTTLE,United Kingdom,Bank Transfer,Delivered
CUST-1064,2025-09-28 19:00:00,INV-540025,INV-540025,2,5.42,10.84,STK-84029G,KNITTED UNION FLAG HOT WATER BOTTLE,United Kingdom,Credit Card,Delivered
CUST-1091,2025-09-30 14:00:00,INV-540026,INV-540026,2,5.81,11.62,STK-84029E,RED WOOLLY HOTTIE WHITE HEART,United Kingdom,Bank Transfer,Delivered
CUST-1091,2025-10-01 09:00:00,INV-540027,INV-540027,1,4.45,4.45,STK-84029G,KNITTED UNION FLAG HOT WATER BOTTLE,United Kingdom,PayPal,Delivered
CUST-1006,2025-10-01 16:00:00,INV-540028,INV-540028,4,4.76,19.04,STK-21730,GLASS STAR FROSTED T-LIGHT HOLDER,Germany,PayPal,Delivered
CUST-1091,2025-10-02 12:00:00,INV-540029,INV-540029,1,3.82,3.82,STK-85123A,WHITE HANGING HEART T-LIGHT HOLDER,Germany,Credit Card,Delivered
CUST-1106,2025-10-02 15:00:00,INV-540030,INV-540030,3,3.23,9.69,STK-22632,HAND WARMER RED POLKA DOT,United Kingdom,Credit Card,Delivered
CUST-1023,2025-10-03 09:00:00,INV-540031,INV-540031,1,4.65,4.65,STK-71053,WHITE METAL LANTERN,United Kingdom,Credit Card,Delivered
CUST-1091,2025-10-03 13:00:00,INV-540032,INV-540032,1,2.25,2.25,STK-22633,HAND WARMER UNION JACK,United Kingdom,PayPal,Delivered
CUST-1047,2025-10-03 19:00:00,INV-540033,INV-540033,1,4.71,4.71,STK-84029E,RED WOOLLY HOTTIE WHITE HEART,United Kingdom,Credit Card,Delivered
CUST-1047,2025-10-04 16:00:00,INV-540034,INV-540034,1,3.59,3.59,STK-84029E,RED WOOLLY HOTTIE WHITE HEART,United Kingdom,PayPal,Delivered
CUST-1091,2025-10-04 17:00:00,INV-540035,INV-540035,3,3.84,11.52,STK-84029E,RED WOOLLY HOTTIE WHITE HEART,United Kingdom,Credit Card,Delivered
CUST-1011,2025-10-05 09:00:00,INV-540036,INV-540036,4,2.75,11.0,STK-22632,HAND WARMER RED POLKA DOT,France,PayPal,Delivered
CUST-1091,2025-10-06 11:00:00,INV-540037,INV-540037,3,2.43,7.29,STK-84879,ASSORTED COLOUR BIRD ORNAMENT,United Kingdom,Credit Card,Delivered
CUST-1115,2025-10-07 10:00:00,INV-540038,INV-540038,1,6.54,6.54,STK-84029G,KNITTED UNION FLAG HOT WATER BOTTLE,United Kingdom,PayPal,Delivered
CUST-1091,2025-10-07 18:00:00,INV-540039,INV-540039,1,3.47,3.47,STK-22632,HAND WARMER RED POLKA DOT,Germany,Bank Transfer,Delivered
CUST-1061,2025-10-08 10:00:00,INV-540040,INV-540040,1,7.4,7.4,STK-84029E,RED WOOLLY HOTTIE WHITE HEART,EIRE,Credit Card,Delivered
CUST-1060,2025-10-09 13:00:00,INV-540041,INV-540041,4,11.67,46.68,STK-22752,SET 7 BABUSHKA NESTING BOXES,Germany,Credit Card,Delivered
CUST-1091,2025-10-10 16:00:00,INV-540042,INV-540042,1,2.81,2.81,STK-22633,HAND WARMER UNION JACK,United Kingdom,Bank Transfer,Cancelled
CUST-1084,2025-10-11 14:00:00,INV-540043,INV-540043,1,3.96,3.96,STK-84406B,CREAM CUPID HEARTS COAT HANGER,United Kingdom,Credit Card,Delivered
CUST-1006,2025-10-13 08:00:00,INV-540044,INV-540044,1,5.65,5.65,STK-84029G,KNITTED UNION FLAG HOT WATER BOTTLE,United Kingdom,Credit Card,Delivered
CUST-1085,2025-10-14 08:00:00,INV-540045,INV-540045,1,2.32,2.32,STK-84879,ASSORTED COLOUR BIRD ORNAMENT,France,Credit Card,Delivered
CUST-1098,2025-10-14 19:00:00,INV-540046,INV-540046,1,4.69,4.69,STK-85123A,WHITE HANGING HEART T-LIGHT HOLDER,United Kingdom,PayPal,Delivered
CUST-1047,2025-10-17 12:00:00,INV-540047,INV-540047,2,7.69,15.38,STK-21730,GLASS STAR FROSTED T-LIGHT HOLDER,United Kingdom,Credit Card,Shipped
CUST-1119,2025-10-17 16:00:00,INV-540048,INV-540048,3,4.84,14.52,STK-85123A,WHITE HANGING HEART T-LIGHT HOLDER,United Kingdom,Credit Card,Processing
CUST-1091,2025-10-18 19:00:00,INV-540049,INV-540049,1,5.76,5.76,STK-21730,GLASS STAR FROSTED T-LIGHT HOLDER,United Kingdom,PayPal,Processing
CUST-1085,2025-10-19 08:00:00,INV-540050,INV-540050,1,3.49,3.49,STK-22633,HAND WARMER UNION JACK,United Kingdom,Bank Transfer,Delivered
CUST-1091,2025-10-20 08:00:00,INV-540051,INV-540051,2,7.11,14.22,STK-21730,GLASS STAR FROSTED T-LIGHT HOLDER,EIRE,Credit Card,Delivered
CUST-1006,2025-10-21 12:00:00,INV-540052,INV-540052,1,6.71,6.71,STK-21730,GLASS STAR FROSTED T-LIGHT HOLDER,United Kingdom,Credit Card,Delivered
CUST-1108,2025-10-22 13:00:00,INV-540053,INV-540053,2,6.77,13.54,STK-84029E,RED WOOLLY HOTTIE WHITE HEART,Netherlands,Credit Card,Processing
CUST-1101,2025-10-23 12:00:00,INV-540054,INV-540054,1,2.11,2.11,STK-84879,ASSORTED COLOUR BIRD ORNAMENT,United Kingdom,Credit Card,Delivered
CUST-1119,2025-10-23 18:00:00,INV-540055,INV-540055,1,13.24,13.24,STK-22752,SET 7 BABUSHKA NESTING BOXES,United Kingdom,PayPal,Delivered
CUST-1017,2025-10-25 15:00:00,INV-540056,INV-540056,3,2.63,7.89,STK-85123A,WHITE HANGING HEART T-LIGHT HOLDER,United Kingdom,Credit Card,Delivered
CUST-1006,2025-10-26 14:00:00,INV-540057,INV-540057,2,3.74,7.48,STK-71053,WHITE METAL LANTERN,United Kingdom,PayPal,Shipped
CUST-1020,2025-10-26 17:00:00,INV-540058,INV-540058,1,2.32,2.32,STK-84879,ASSORTED COLOUR BIRD ORNAMENT,United Kingdom,PayPal,Delivered
CUST-1053,2025-10-29 08:00:00,INV-540059,INV-540059,1,2.46,2.46,STK-22633,HAND WARMER UNION JACK,Germany,Credit Card,Delivered
CUST-1058,2025-10-30 13:00:00,INV-540060,INV-540060,1,12.38,12.38,STK-22752,SET 7 BABUSHKA NESTING BOXES,France,PayPal,Processing
CUST-1084,2025-11-01 10:00:00,INV-540061,INV-540061,3,13.93,41.79,STK-22752,SET 7 BABUSHKA NESTING BOXES,Germany,Credit Card,Delivered
CUST-1015,2025-11-05 11:00:00,INV-540062,INV-540062,2,7.28,14.56,STK-71053,WHITE METAL LANTERN,Netherlands,PayPal,Delivered
CUST-1036,2025-11-06 08:00:00,INV-540063,INV-540063,3,3.76,11.28,STK-84029G,KNITTED UNION FLAG HOT WATER BOTTLE,United Kingdom,Credit Card,Delivered
CUST-1097,2025-11-08 12:00:00,INV-540064,INV-540064,1,14.98,14.98,STK-22752,SET 7 BABUSHKA NESTING BOXES,Belgium,Credit Card,Processing
CUST-1064,2025-11-09 13:00:00,INV-540065,INV-540065,6,2.46,14.76,STK-22633,HAND WARMER UNION JACK,United Kingdom,Credit Card,Delivered
CUST-1095,2025-11-10 11:00:00,INV-540066,INV-540066,1,1.83,1.83,STK-22633,HAND WARMER UNION JACK,Germany,Credit Card,Delivered
CUST-1001,2025-11-11 10:00:00,INV-540067,INV-540067,1,3.15,3.15,STK-85123A,WHITE HANGING HEART T-LIGHT HOLDER,United Kingdom,PayPal,Delivered
CUST-1084,2025-11-11 10:00:00,INV-540068,INV-540068,1,4.54,4.54,STK-85123A,WHITE HANGING HEART T-LIGHT HOLDER,United Kingdom,Bank Transfer,Delivered
CUST-1119,2025-11-12 15:00:00,INV-540069,INV-540069,4,2.23,8.92,STK-84406B,CREAM CUPID HEARTS COAT HANGER,France,PayPal,Delivered
CUST-1085,2025-11-12 15:00:00,INV-540070,INV-540070,1,3.16,3.16,STK-22632,HAND WARMER RED POLKA DOT,United Kingdom,PayPal,Processing
CUST-1037,2025-11-12 16:00:00,INV-540071,INV-540071,1,3.48,3.48,STK-84029G,KNITTED UNION FLAG HOT WATER BOTTLE,United Kingdom,PayPal,Delivered
CUST-1091,2025-11-13 11:00:00,INV-540072,INV-540072,2,1.76,3.52,STK-84879,ASSORTED COLOUR BIRD ORNAMENT,United Kingdom,PayPal,Delivered
CUST-1049,2025-11-13 14:00:00,INV-540073,INV-540073,4,3.08,12.32,STK-84029G,KNITTED UNION FLAG HOT WATER BOTTLE,Spain,Credit Card,Delivered
CUST-1091,2025-11-14 08:00:00,INV-540074,INV-540074,2,2.02,4.04,STK-84406B,CREAM CUPID HEARTS COAT HANGER,United Kingdom,PayPal,Shipped
CUST-1006,2025-11-14 11:00:00,INV-540075,INV-540075,1,8.93,8.93,STK-21730,GLASS STAR FROSTED T-LIGHT HOLDER,Belgium,Bank Transfer,Shipped
CUST-1091,2025-11-14 12:00:00,INV-540076,INV-540076,6,1.93,11.58,STK-22633,HAND WARMER UNION JACK,France,Credit Card,Delivered
CUST-1006,2025-11-14 13:00:00,INV-540077,INV-540077,1,2.35,2.35,STK-84406B,CREAM CUPID HEARTS COAT HANGER,United Kingdom,PayPal,Cancelled
CUST-1091,2025-11-14 14:00:00,INV-540078,INV-540078,2,2.85,5.7,STK-84879,ASSORTED COLOUR BIRD ORNAMENT,United Kingdom,Bank Transfer,Delivered
CUST-1066,2025-11-14 18:00:00,INV-540079,INV-540079,1,5.47,5.47,STK-21730,GLASS STAR FROSTED T-LIGHT HOLDER,United Kingdom,Credit Card,Delivered
CUST-1015,2025-11-15 10:00:00,INV-540080,INV-540080,1,3.07,3.07,STK-22632,HAND WARMER RED POLKA DOT,United Kingdom,Credit Card,Delivered
CUST-1082,2025-11-15 12:00:00,INV-540081,INV-540081,1,6.65,6.65,STK-21730,GLASS STAR FROSTED T-LIGHT HOLDER,United Kingdom,Credit Card,Processing
CUST-1006,2025-11-17 14:00:00,INV-540082,INV-540082,1,2.14,2.14,STK-22632,HAND WARMER RED POLKA DOT,United Kingdom,Credit Card,Shipped
CUST-1091,2025-11-21 08:00:00,INV-540083,INV-540083,1,2.2,2.2,STK-22632,HAND WARMER RED POLKA DOT,Netherlands,Credit Card,Delivered
CUST-1119,2025-11-21 19:00:00,INV-540084,INV-540084,2,2.4,4.8,STK-84406B,CREAM CUPID HEARTS COAT HANGER,United Kingdom,Credit Card,Delivered
CUST-1091,2025-11-22 12:00:00,INV-540085,INV-540085,1,6.04,6.04,STK-84029G,KNITTED UNION FLAG HOT WATER BOTTLE,EIRE,Debit Card,Delivered
CUST-1085,2025-11-22 16:00:00,INV-540086,INV-540086,2,6.65,13.3,STK-21730,GLASS STAR FROSTED T-LIGHT HOLDER,United Kingdom,PayPal,Delivered
CUST-1008,2025-11-23 09:00:00,INV-540087,INV-540087,1,3.87,3.87,STK-84406B,CREAM CUPID HEARTS COAT HANGER,Australia,Credit Card,Delivered
CUST-1091,2025-11-23 14:00:00,INV-540088,INV-540088,4,1.92,7.68,STK-22632,HAND WARMER RED POLKA DOT,United Kingdom,Credit Card,Delivered
CUST-1091,2025-11-23 15:00:00,INV-540089,INV-540089,6,6.34,38.04,STK-84029E,RED WOOLLY HOTTIE WHITE HEART,United Kingdom,Bank Transfer,Delivered
CUST-1006,2025-11-24 13:00:00,INV-540090,INV-540090,1,3.34,3.34,STK-84029E,RED WOOLLY HOTTIE WHITE HEART,Germany,PayPal,Delivered
CUST-1093,2025-11-24 15:00:00,INV-540091,INV-540091,1,5.04,5.04,STK-21730,GLASS STAR FROSTED T-LIGHT HOLDER,United Kingdom,Bank Transfer,Delivered
CUST-1075,2025-11-25 10:00:00,INV-540092,INV-540092,3,3.14,9.42,STK-85123A,WHITE HANGING HEART T-LIGHT HOLDER,United Kingdom,Credit Card,Delivered
CUST-1058,2025-11-25 15:00:00,INV-540093,INV-540093,2,6.06,12.12,STK-71053,WHITE METAL LANTERN,United Kingdom,Credit Card,Delivered
CUST-1091,2025-11-28 09:00:00,INV-540094,INV-540094,2,6.49,12.98,STK-84029E,RED WOOLLY HOTTIE WHITE HEART,Germany,Credit Card,Processing
CUST-1057,2025-11-29 18:00:00,INV-540095,INV-540095,2,5.27,10.54,STK-21730,GLASS STAR FROSTED T-LIGHT HOLDER,United Kingdom,Credit Card,Delivered
CUST-1069,2025-11-30 11:00:00,INV-540096,INV-540096,1,9.3,9.3,STK-22752,SET 7 BABUSHKA NESTING BOXES,Switzerland,Credit Card,Delivered
CUST-1029,2025-11-30 18:00:00,INV-540097,INV-540097,1,7.64,7.64,STK-71053,WHITE METAL LANTERN,United Kingdom,PayPal,Delivered
CUST-1047,2025-12-01 18:00:00,INV-540098,INV-540098,2,3.38,6.76,STK-22632,HAND WARMER RED POLKA DOT,United Kingdom,PayPal,Delivered
CUST-1106,2025-12-02 09:00:00,INV-540099,INV-540099,4,6.64,26.56,STK-84029G,KNITTED UNION FLAG HOT WATER BOTTLE,United Kingdom,Credit Card,Delivered
CUST-1030,2025-12-02 11:00:00,INV-540100,INV-540100,1,3.29,3.29,STK-84029E,RED WOOLLY HOTTIE WHITE HEART,Portugal,Bank Transfer,Delivered
CUST-1058,2025-12-03 17:00:00,INV-540101,INV-540101,1,3.23,3.23,STK-84029E,RED WOOLLY HOTTIE WHITE HEART,United Kingdom,Credit Card,Delivered
CUST-1119,2025-12-04 17:00:00,INV-540102,INV-540102,1,12.49,12.49,STK-22752,SET 7 BABUSHKA NESTING BOXES,United Kingdom,Credit Card,Shipped
CUST-1038,2025-12-04 19:00:00,INV-540103,INV-540103,1,3.63,3.63,STK-71053,WHITE METAL LANTERN,United Kingdom,Credit Card,Delivered
CUST-1119,2025-12-05 09:00:00,INV-540104,INV-540104,1,5.07,5.07,STK-84029G,KNITTED UNION FLAG HOT WATER BOTTLE,United Kingdom,Credit Card,Delivered
CUST-1119,2025-12-06 09:00:00,INV-540105,INV-540105,1,3.29,3.29,STK-22632,HAND WARMER RED POLKA DOT,United Kingdom,Credit Card,Delivered
CUST-1006,2025-12-06 09:00:00,INV-540106,INV-540106,1,2.56,2.56,STK-22633,HAND WARMER UNION JACK,Germany,PayPal,Delivered
CUST-1064,2025-12-06 16:00:00,INV-540107,INV-540107,1,2.44,2.44,STK-22633,HAND WARMER UNION JACK,France,Credit Card,Delivered
CUST-1071,2025-12-10 10:00:00,INV-540108,INV-540108,1,6.04,6.04,STK-84029G,KNITTED UNION FLAG HOT WATER BOTTLE,United Kingdom,Debit Card,Delivered
CUST-1047,2025-12-11 14:00:00,INV-540109,INV-540109,4,7.06,28.24,STK-84029G,KNITTED UNION FLAG HOT WATER BOTTLE,France,Credit Card,Delivered
CUST-1006,2025-12-11 16:00:00,INV-540110,INV-540110,1,7.79,7.79,STK-21730,GLASS STAR FROSTED T-LIGHT HOLDER,United Kingdom,PayPal,Delivered
CUST-1038,2025-12-12 16:00:00,INV-540111,INV-540111,1,6.49,6.49,STK-71053,WHITE METAL LANTERN,United Kingdom,PayPal,Delivered
CUST-1007,2025-12-12 17:00:00,INV-540112,INV-540112,4,3.56,14.24,STK-71053,WHITE METAL LANTERN,Germany,Debit Card,Delivered
CUST-1038,2025-12-13 16:00:00,INV-540113,INV-540113,1,4.29,4.29,STK-84029G,KNITTED UNION FLAG HOT WATER BOTTLE,United Kingdom,Credit Card,Shipped
CUST-1095,2025-12-13 18:00:00,INV-540114,INV-540114,1,2.35,2.35,STK-22632,HAND WARMER RED POLKA DOT,United Kingdom,Credit Card,Shipped
CUST-1116,2025-12-13 19:00:00,INV-540115,INV-540115,2,2.1,4.2,STK-84879,ASSORTED COLOUR BIRD ORNAMENT,United Kingdom,Bank Transfer,Shipped
CUST-1006,2025-12-15 08:00:00,INV-540116,INV-540116,1,2.77,2.77,STK-85123A,WHITE HANGING HEART T-LIGHT HOLDER,United Kingdom,Credit Card,Delivered
CUST-1047,2025-12-15 10:00:00,INV-540117,INV-540117,1,5.62,5.62,STK-71053,WHITE METAL LANTERN,EIRE,Credit Card,Delivered
CUST-1119,2025-12-16 12:00:00,INV-540118,INV-540118,1,6.1,6.1,STK-21730,GLASS STAR FROSTED T-LIGHT HOLDER,United Kingdom,PayPal,Shipped
CUST-1081,2025-12-16 16:00:00,INV-540119,INV-540119,2,2.97,5.94,STK-22633,HAND WARMER UNION JACK,United Kingdom,PayPal,Delivered
CUST-1091,2025-12-17 15:00:00,INV-540120,INV-540120,12,3.76,45.12,STK-85123A,WHITE HANGING HEART T-LIGHT HOLDER,Netherlands,Bank Transfer,Processing
CUST-1000,2025-12-18 13:00:00,INV-540121,INV-540121,2,3.12,6.24,STK-22632,HAND WARMER RED POLKA DOT,United Kingdom,Credit Card,Delivered
CUST-1071,2025-12-18 19:00:00,INV-540122,INV-540122,1,1.99,1.99,STK-84879,ASSORTED COLOUR BIRD ORNAMENT,United Kingdom,PayPal,Shipped
CUST-1119,2025-12-19 12:00:00,INV-540123,INV-540123,2,3.7,7.4,STK-71053,WHITE METAL LANTERN,Netherlands,Bank Transfer,Processing
CUST-1048,2025-12-20 08:00:00,INV-540124,INV-540124,2,4.24,8.48,STK-85123A,WHITE HANGING HEART T-LIGHT HOLDER,United Kingdom,Credit Card,Delivered
CUST-1007,2025-12-21 17:00:00,INV-540125,INV-540125,1,1.85,1.85,STK-84879,ASSORTED COLOUR BIRD ORNAMENT,United Kingdom,PayPal,Delivered
CUST-1064,2025-12-22 18:00:00,INV-540126,INV-540126,1,2.03,2.03,STK-84879,ASSORTED COLOUR BIRD ORNAMENT,United Kingdom,PayPal,Cancelled
CUST-1119,2025-12-23 17:00:00,INV-540127,INV-540127,4,4.06,16.24,STK-85123A,WHITE HANGING HEART T-LIGHT HOLDER,United Kingdom,Bank Transfer,Delivered
CUST-1047,2025-12-24 12:00:00,INV-540128,INV-540128,1,1.9,1.9,STK-22632,HAND WARMER RED POLKA DOT,United Kingdom,Credit Card,Delivered
CUST-1093,2025-12-24 16:00:00,INV-540129,INV-540129,1,6.7,6.7,STK-84029E,RED WOOLLY HOTTIE WHITE HEART,Germany,Debit Card,Delivered
CUST-1093,2025-12-25 14:00:00,INV-540130,INV-540130,2,4.21,8.42,STK-85123A,WHITE HANGING HEART T-LIGHT HOLDER,United Kingdom,PayPal,Delivered
CUST-1037,2025-12-25 16:00:00,INV-540131,INV-540131,1,2.52,2.52,STK-84406B,CREAM CUPID HEARTS COAT HANGER,EIRE,Credit Card,Processing
CUST-1061,2025-12-25 17:00:00,INV-540132,INV-540132,3,2.01,6.03,STK-84879,ASSORTED COLOUR BIRD ORNAMENT,France,Credit Card,Delivered
CUST-1091,2025-12-26 17:00:00,INV-540133,INV-540133,1,3.15,3.15,STK-22633,HAND WARMER UNION JACK,United Kingdom,Debit Card,Delivered
CUST-1057,2025-12-27 18:00:00,INV-540134,INV-540134,1,1.83,1.83,STK-22632,HAND WARMER RED POLKA DOT,France,PayPal,Delivered
CUST-1032,2025-12-27 18:00:00,INV-540135,INV-540135,1,2.53,2.53,STK-22633,HAND WARMER UNION JACK,United Kingdom,Debit Card,Processing
CUST-1119,2025-12-28 08:00:00,INV-540136,INV-540136,3,2.64,7.92,STK-84406B,CREAM CUPID HEARTS COAT HANGER,United Kingdom,Credit Card,Delivered
CUST-1091,2025-12-28 16:00:00,INV-540137,INV-540137,2,6.86,13.72,STK-84029E,RED WOOLLY HOTTIE WHITE HEART,United Kingdom,Credit Card,Delivered
CUST-1108,2025-12-30 13:00:00,INV-540138,INV-540138,1,2.54,2.54,STK-22633,HAND WARMER UNION JACK,United Kingdom,Credit Card,Delivered
CUST-1006,2025-12-31 14:00:00,INV-540139,INV-540139,1,3.52,3.52,STK-85123A,WHITE HANGING HEART T-LIGHT HOLDER,United Kingdom,Debit Card,Delivered
CUST-1044,2025-12-31 14:00:00,INV-540140,INV-540140,1,3.13,3.13,STK-22632,HAND WARMER RED POLKA DOT,United Kingdom,Credit Card,Delivered
CUST-1071,2026-01-01 15:00:00,INV-540141,INV-540141,1,2.63,2.63,STK-22632,HAND WARMER RED POLKA DOT,Germany,Credit Card,Delivered
CUST-1006,2026-01-01 16:00:00,INV-540142,INV-540142,6,4.43,26.58,STK-21730,GLASS STAR FROSTED T-LIGHT HOLDER,United Kingdom,PayPal,Shipped
CUST-1119,2026-01-01 19:00:00,INV-540143,INV-540143,1,6.08,6.08,STK-84029G,KNITTED UNION FLAG HOT WATER BOTTLE,France,Credit Card,Delivered
CUST-1038,2026-01-03 15:00:00,INV-540144,INV-540144,1,2.42,2.42,STK-22632,HAND WARMER RED POLKA DOT,Switzerland,Bank Transfer,Delivered
CUST-1048,2026-01-04 08:00:00,INV-540145,INV-540145,4,5.87,23.48,STK-84029G,KNITTED UNION FLAG HOT WATER BOTTLE,Netherlands,Credit Card,Delivered
CUST-1037,2026-01-04 11:00:00,INV-540146,INV-540146,1,5.6,5.6,STK-71053,WHITE METAL LANTERN,United Kingdom,Credit Card,Delivered
CUST-1010,2026-01-04 15:00:00,INV-540147,INV-540147,2,7.47,14.94,STK-84029E,RED WOOLLY HOTTIE WHITE HEART,Spain,Credit Card,Shipped
CUST-1038,2026-01-05 10:00:00,INV-540148,INV-540148,1,3.48,3.48,STK-22632,HAND WARMER RED POLKA DOT,United Kingdom,PayPal,Delivered
CUST-1047,2026-01-05 11:00:00,INV-540149,INV-540149,2,2.12,4.24,STK-22633,HAND WARMER UNION JACK,France,PayPal,Delivered
CUST-1091,2026-01-06 08:00:00,INV-540150,INV-540150,3,12.26,36.78,STK-22752,SET 7 BABUSHKA NESTING BOXES,France,Debit Card,Delivered
CUST-1045,2026-01-06 09:00:00,INV-540151,INV-540151,1,2.56,2.56,STK-22632,HAND WARMER RED POLKA DOT,United Kingdom,PayPal,Delivered
CUST-1047,2026-01-07 09:00:00,INV-540152,INV-540152,12,6.37,76.44,STK-84029G,KNITTED UNION FLAG HOT WATER BOTTLE,Germany,Credit Card,Delivered
CUST-1000,2026-01-07 10:00:00,INV-540153,INV-540153,6,2.05,12.3,STK-22633,HAND WARMER UNION JACK,Germany,PayPal,Delivered
CUST-1047,2026-01-07 11:00:00,INV-540154,INV-540154,1,7.62,7.62,STK-21730,GLASS STAR FROSTED T-LIGHT HOLDER,United Kingdom,Credit Card,Delivered
CUST-1081,2026-01-07 12:00:00,INV-540155,INV-540155,1,2.98,2.98,STK-84879,ASSORTED COLOUR BIRD ORNAMENT,United Kingdom,Credit Card,Delivered
CUST-1022,2026-01-07 19:00:00,INV-540156,INV-540156,1,3.61,3.61,STK-84029G,KNITTED UNION FLAG HOT WATER BOTTLE,Spain,Bank Transfer,Processing
CUST-1091,2026-01-08 15:00:00,INV-540157,INV-540157,1,4.9,4.9,STK-71053,WHITE METAL LANTERN,EIRE,Credit Card,Delivered
CUST-1047,2026-01-09 10:00:00,INV-540158,INV-540158,1,5.04,5.04,STK-84029E,RED WOOLLY HOTTIE WHITE HEART,United Kingdom,Credit Card,Delivered
CUST-1091,2026-01-09 14:00:00,INV-540159,INV-540159,2,10.01,20.02,STK-22752,SET 7 BABUSHKA NESTING BOXES,EIRE,Debit Card,Delivered
CUST-1006,2026-01-09 14:00:00,INV-540160,INV-540160,1,4.87,4.87,STK-84029G,KNITTED UNION FLAG HOT WATER BOTTLE,Germany,Bank Transfer,Delivered
CUST-1115,2026-01-10 14:00:00,INV-540161,INV-540161,1,7.09,7.09,STK-84029E,RED WOOLLY HOTTIE WHITE HEART,United Kingdom,PayPal,Cancelled
CUST-1004,2026-01-11 10:00:00,INV-540162,INV-540162,1,2.85,2.85,STK-84406B,CREAM CUPID HEARTS COAT HANGER,United Kingdom,Debit Card,Processing
CUST-1015,2026-01-11 15:00:00,INV-540163,INV-540163,1,13.57,13.57,STK-22752,SET 7 BABUSHKA NESTING BOXES,United Kingdom,Credit Card,Shipped
CUST-1091,2026-01-12 12:00:00,INV-540164,INV-540164,2,5.41,10.82,STK-84029E,RED WOOLLY HOTTIE WHITE HEART,United Kingdom,Credit Card,Delivered
CUST-1006,2026-01-12 19:00:00,INV-540165,INV-540165,6,12.78,76.68,STK-22752,SET 7 BABUSHKA NESTING BOXES,United Kingdom,Credit Card,Delivered
CUST-1091,2026-01-15 09:00:00,INV-540166,INV-540166,1,2.16,2.16,STK-84406B,CREAM CUPID HEARTS COAT HANGER,Netherlands,Credit Card,Delivered
CUST-1119,2026-01-16 08:00:00,INV-540167,INV-540167,1,3.8,3.8,STK-84029G,KNITTED UNION FLAG HOT WATER BOTTLE,United Kingdom,PayPal,Delivered
CUST-1111,2026-01-16 14:00:00,INV-540168,INV-540168,1,5.99,5.99,STK-21730,GLASS STAR FROSTED T-LIGHT HOLDER,Germany,Credit Card,Delivered
CUST-1091,2026-01-18 11:00:00,INV-540169,INV-540169,1,6.09,6.09,STK-84029G,KNITTED UNION FLAG HOT WATER BOTTLE,United Kingdom,PayPal,Delivered
CUST-1119,2026-01-18 14:00:00,INV-540170,INV-540170,3,3.16,9.48,STK-84406B,CREAM CUPID HEARTS COAT HANGER,United Kingdom,PayPal,Delivered
CUST-1058,2026-01-19 11:00:00,INV-540171,INV-540171,3,8.17,24.51,STK-21730,GLASS STAR FROSTED T-LIGHT HOLDER,United Kingdom,Credit Card,Delivered
CUST-1113,2026-01-19 11:00:00,INV-540172,INV-540172,2,14.05,28.1,STK-22752,SET 7 BABUSHKA NESTING BOXES,United Kingdom,PayPal,Delivered
CUST-1047,2026-01-19 13:00:00,INV-540173,INV-540173,2,10.7,21.4,STK-22752,SET 7 BABUSHKA NESTING BOXES,Spain,Bank Transfer,Delivered
CUST-1119,2026-01-19 15:00:00,INV-540174,INV-540174,12,2.6,31.2,STK-84406B,CREAM CUPID HEARTS COAT HANGER,United Kingdom,PayPal,Delivered
CUST-1021,2026-01-19 16:00:00,INV-540175,INV-540175,4,1.9,7.6,STK-84879,ASSORTED COLOUR BIRD ORNAMENT,United Kingdom,Credit Card,Cancelled
CUST-1119,2026-01-20 12:00:00,INV-540176,INV-540176,1,3.85,3.85,STK-84406B,CREAM CUPID HEARTS COAT HANGER,France,Credit Card,Delivered
CUST-1105,2026-01-20 14:00:00,INV-540177,INV-540177,1,8.89,8.89,STK-21730,GLASS STAR FROSTED T-LIGHT HOLDER,United Kingdom,Debit Card,Cancelled
CUST-1106,2026-01-20 14:00:00,INV-540178,INV-540178,3,2.08,6.24,STK-22633,HAND WARMER UNION JACK,United Kingdom,PayPal,Delivered
CUST-1015,2026-01-20 18:00:00,INV-540179,INV-540179,2,2.45,4.9,STK-84879,ASSORTED COLOUR BIRD ORNAMENT,EIRE,Credit Card,Delivered
CUST-1090,2026-01-23 08:00:00,INV-540180,INV-540180,1,6.95,6.95,STK-84029E,RED WOOLLY HOTTIE WHITE HEART,United Kingdom,PayPal,Delivered
CUST-1004,2026-01-23 13:00:00,INV-540181,INV-540181,1,1.95,1.95,STK-22632,HAND WARMER RED POLKA DOT,United Kingdom,Credit Card,Processing
CUST-1091,2026-01-23 18:00:00,INV-540182,INV-540182,1,3.0,3.0,STK-22633,HAND WARMER UNION JACK,United Kingdom,PayPal,Delivered
CUST-1001,2026-01-25 10:00:00,INV-540183,INV-540183,1,5.85,5.85,STK-71053,WHITE METAL LANTERN,United Kingdom,PayPal,Delivered
CUST-1006,2026-01-25 11:00:00,INV-540184,INV-540184,1,7.3,7.3,STK-21730,GLASS STAR FROSTED T-LIGHT HOLDER,United Kingdom,Credit Card,Processing
CUST-1038,2026-01-25 12:00:00,INV-540185,INV-540185,2,2.75,5.5,STK-22632,HAND WARMER RED POLKA DOT,United Kingdom,Bank Transfer,Shipped
CUST-1113,2026-01-25 15:00:00,INV-540186,INV-540186,3,2.21,6.63,STK-84406B,CREAM CUPID HEARTS COAT HANGER,United Kingdom,PayPal,Delivered
CUST-1047,2026-01-26 08:00:00,INV-540187,INV-540187,1,4.16,4.16,STK-21730,GLASS STAR FROSTED T-LIGHT HOLDER,Germany,Credit Card,Delivered
CUST-1082,2026-01-27 08:00:00,INV-540188,INV-540188,6,3.24,19.44,STK-84029G,KNITTED UNION FLAG HOT WATER BOTTLE,United Kingdom,Credit Card,Delivered
CUST-1084,2026-01-28 12:00:00,INV-540189,INV-540189,2,3.46,6.92,STK-22633,HAND WARMER UNION JACK,United Kingdom,Credit Card,Delivered
CUST-1038,2026-01-28 12:00:00,INV-540190,INV-540190,1,6.85,6.85,STK-71053,WHITE METAL LANTERN,United Kingdom,Credit Card,Delivered
CUST-1085,2026-01-28 14:00:00,INV-540191,INV-540191,1,2.99,2.99,STK-22632,HAND WARMER RED POLKA DOT,United Kingdom,Credit Card,Delivered
CUST-1091,2026-01-29 15:00:00,INV-540192,INV-540192,1,3.49,3.49,STK-22632,HAND WARMER RED POLKA DOT,United Kingdom,Credit Card,Processing
CUST-1047,2026-01-30 09:00:00,INV-540193,INV-540193,1,4.16,4.16,STK-84029E,RED WOOLLY HOTTIE WHITE HEART,Germany,Credit Card,Delivered
CUST-1058,2026-01-31 09:00:00,INV-540194,INV-540194,4,4.65,18.6,STK-84029G,KNITTED UNION FLAG HOT WATER BOTTLE,United Kingdom,PayPal,Delivered
CUST-1063,2026-01-31 12:00:00,INV-540195,INV-540195,1,7.01,7.01,STK-71053,WHITE METAL LANTERN,United Kingdom,Credit Card,Delivered
CUST-1119,2026-01-31 13:00:00,INV-540196,INV-540196,2,4.05,8.1,STK-21730,GLASS STAR FROSTED T-LIGHT HOLDER,United Kingdom,PayPal,Delivered
CUST-1088,2026-02-01 09:00:00,INV-540197,INV-540197,2,2.12,4.24,STK-22633,HAND WARMER UNION JACK,United Kingdom,PayPal,Delivered
CUST-1119,2026-02-01 13:00:00,INV-540198,INV-540198,1,2.02,2.02,STK-84879,ASSORTED COLOUR BIRD ORNAMENT,Spain,Credit Card,Delivered
CUST-1084,2026-02-02 18:00:00,INV-540199,INV-540199,3,6.28,18.84,STK-21730,GLASS STAR FROSTED T-LIGHT HOLDER,United Kingdom,PayPal,Delivered
CUST-1071,2026-02-03 09:00:00,INV-540200,INV-540200,1,4.58,4.58,STK-21730,GLASS STAR FROSTED T-LIGHT HOLDER,United Kingdom,Credit Card,Shipped
CUST-1000,2026-02-03 14:00:00,INV-540201,INV-540201,2,3.98,7.96,STK-85123A,WHITE HANGING HEART T-LIGHT HOLDER,Portugal,Credit Card,Delivered
CUST-1069,2026-02-04 14:00:00,INV-540202,INV-540202,1,2.04,2.04,STK-22633,HAND WARMER UNION JACK,United Kingdom,Credit Card,Delivered
CUST-1119,2026-02-05 15:00:00,INV-540203,INV-540203,3,2.82,8.46,STK-84879,ASSORTED COLOUR BIRD ORNAMENT,Netherlands,Credit Card,Processing
CUST-1035,2026-02-05 16:00:00,INV-540204,INV-540204,1,3.36,3.36,STK-84406B,CREAM CUPID HEARTS COAT HANGER,United Kingdom,Credit Card,Delivered
CUST-1006,2026-02-07 09:00:00,INV-540205,INV-540205,2,3.46,6.92,STK-22633,HAND WARMER UNION JACK,France,Debit Card,Delivered
CUST-1056,2026-02-08 15:00:00,INV-540206,INV-540206,3,3.35,10.05,STK-84029G,KNITTED UNION FLAG HOT WATER BOTTLE,France,Credit Card,Shipped
CUST-1047,2026-02-08 16:00:00,INV-540207,INV-540207,1,3.47,3.47,STK-22633,HAND WARMER UNION JACK,Germany,Debit Card,Shipped
CUST-1108,2026-02-08 18:00:00,INV-540208,INV-540208,4,2.04,8.16,STK-22632,HAND WARMER RED POLKA DOT,United Kingdom,Credit Card,Delivered
CUST-1006,2026-02-08 19:00:00,INV-540209,INV-540209,1,2.6,2.6,STK-84879,ASSORTED COLOUR BIRD ORNAMENT,Germany,PayPal,Processing
CUST-1119,2026-02-09 12:00:00,INV-540210,INV-540210,3,2.88,8.64,STK-22633,HAND WARMER UNION JACK,United Kingdom,Credit Card,Delivered
CUST-1091,2026-02-09 19:00:00,INV-540211,INV-540211,1,4.29,4.29,STK-84406B,CREAM CUPID HEARTS COAT HANGER,Germany,Debit Card,Shipped
CUST-1119,2026-02-10 19:00:00,INV-540212,INV-540212,12,2.06,24.72,STK-22632,HAND WARMER RED POLKA DOT,United Kingdom,PayPal,Shipped
CUST-1091,2026-02-13 10:00:00,INV-540213,INV-540213,1,2.86,2.86,STK-84879,ASSORTED COLOUR BIRD ORNAMENT,United Kingdom,Credit Card,Delivered
CUST-1097,2026-02-13 12:00:00,INV-540214,INV-540214,1,10.25,10.25,STK-22752,SET 7 BABUSHKA NESTING BOXES,United Kingdom,Credit Card,Delivered
CUST-1047,2026-02-13 19:00:00,INV-540215,INV-540215,1,2.99,2.99,STK-22632,HAND WARMER RED POLKA DOT,United Kingdom,PayPal,Delivered
CUST-1047,2026-02-14 10:00:00,INV-540216,INV-540216,1,2.41,2.41,STK-84406B,CREAM CUPID HEARTS COAT HANGER,France,Credit Card,Shipped
CUST-1051,2026-02-14 19:00:00,INV-540217,INV-540217,2,2.19,4.38,STK-84406B,CREAM CUPID HEARTS COAT HANGER,United Kingdom,Credit Card,Delivered
CUST-1091,2026-02-15 12:00:00,INV-540218,INV-540218,1,4.0,4.0,STK-85123A,WHITE HANGING HEART T-LIGHT HOLDER,United Kingdom,Credit Card,Delivered
CUST-1047,2026-02-15 14:00:00,INV-540219,INV-540219,1,10.26,10.26,STK-22752,SET 7 BABUSHKA NESTING BOXES,United Kingdom,Credit Card,Delivered
CUST-1038,2026-02-16 17:00:00,INV-540220,INV-540220,1,3.28,3.28,STK-84406B,CREAM CUPID HEARTS COAT HANGER,United Kingdom,Credit Card,Delivered
CUST-1119,2026-02-16 17:00:00,INV-540221,INV-540221,2,3.99,7.98,STK-84029G,KNITTED UNION FLAG HOT WATER BOTTLE,France,Credit Card,Delivered
CUST-1119,2026-02-18 08:00:00,INV-540222,INV-540222,1,9.36,9.36,STK-22752,SET 7 BABUSHKA NESTING BOXES,France,Credit Card,Delivered
CUST-1047,2026-02-18 12:00:00,INV-540223,INV-540223,4,2.07,8.28,STK-84879,ASSORTED COLOUR BIRD ORNAMENT,Germany,Credit Card,Delivered
CUST-1091,2026-02-18 17:00:00,INV-540224,INV-540224,1,5.19,5.19,STK-21730,GLASS STAR FROSTED T-LIGHT HOLDER,United Kingdom,Credit Card,Delivered
CUST-1044,2026-02-20 12:00:00,INV-540225,INV-540225,3,4.32,12.96,STK-71053,WHITE METAL LANTERN,United Kingdom,Debit Card,Shipped
CUST-1037,2026-02-20 19:00:00,INV-540226,INV-540226,1,7.92,7.92,STK-21730,GLASS STAR FROSTED T-LIGHT HOLDER,United Kingdom,Debit Card,Delivered
CUST-1047,2026-02-21 13:00:00,INV-540227,INV-540227,1,14.12,14.12,STK-22752,SET 7 BABUSHKA NESTING BOXES,United Kingdom,PayPal,Delivered
CUST-1047,2026-02-21 16:00:00,INV-540228,INV-540228,3,2.52,7.56,STK-84879,ASSORTED COLOUR BIRD ORNAMENT,United Kingdom,Credit Card,Delivered
CUST-1113,2026-02-21 19:00:00,INV-540229,INV-540229,1,6.48,6.48,STK-84029G,KNITTED UNION FLAG HOT WATER BOTTLE,United Kingdom,Credit Card,Processing
CUST-1101,2026-02-22 16:00:00,INV-540230,INV-540230,4,3.35,13.4,STK-85123A,WHITE HANGING HEART T-LIGHT HOLDER,United Kingdom,PayPal,Processing
CUST-1091,2026-02-22 18:00:00,INV-540231,INV-540231,1,5.9,5.9,STK-84029E,RED WOOLLY HOTTIE WHITE HEART,United Kingdom,Credit Card,Cancelled
CUST-1119,2026-02-25 13:00:00,INV-540232,INV-540232,1,2.33,2.33,STK-22632,HAND WARMER RED POLKA DOT,France,PayPal,Delivered
CUST-1058,2026-02-26 12:00:00,INV-540233,INV-540233,1,3.85,3.85,STK-85123A,WHITE HANGING HEART T-LIGHT HOLDER,United Kingdom,PayPal,Shipped
CUST-1038,2026-02-26 14:00:00,INV-540234,INV-540234,1,4.61,4.61,STK-71053,WHITE METAL LANTERN,Germany,Credit Card,Delivered
CUST-1013,2026-02-27 11:00:00,INV-540235,INV-540235,1,6.76,6.76,STK-84029G,KNITTED UNION FLAG HOT WATER BOTTLE,United Kingdom,Credit Card,Shipped
CUST-1047,2026-02-28 17:00:00,INV-540236,INV-540236,1,2.21,2.21,STK-84406B,CREAM CUPID HEARTS COAT HANGER,Germany,Credit Card,Delivered
CUST-1021,2026-03-01 17:00:00,INV-540237,INV-540237,2,2.71,5.42,STK-22632,HAND WARMER RED POLKA DOT,United Kingdom,Credit Card,Delivered
CUST-1006,2026-03-02 17:00:00,INV-540238,INV-540238,2,2.41,4.82,STK-84406B,CREAM CUPID HEARTS COAT HANGER,United Kingdom,Credit Card,Delivered
CUST-1091,2026-03-05 09:00:00,INV-540239,INV-540239,6,4.46,26.76,STK-71053,WHITE METAL LANTERN,United Kingdom,Credit Card,Delivered
CUST-1047,2026-03-05 18:00:00,INV-540240,INV-540240,1,8.61,8.61,STK-21730,GLASS STAR FROSTED T-LIGHT HOLDER,United Kingdom,Credit Card,Delivered
CUST-1084,2026-03-08 18:00:00,INV-540241,INV-540241,6,6.55,39.3,STK-84029G,KNITTED UNION FLAG HOT WATER BOTTLE,Germany,Bank Transfer,Delivered
CUST-1032,2026-03-09 09:00:00,INV-540242,INV-540242,1,5.96,5.96,STK-84029G,KNITTED UNION FLAG HOT WATER BOTTLE,Germany,Debit Card,Delivered
CUST-1091,2026-03-09 19:00:00,INV-540243,INV-540243,1,1.89,1.89,STK-22632,HAND WARMER RED POLKA DOT,United Kingdom,Debit Card,Cancelled
CUST-1037,2026-03-10 09:00:00,INV-540244,INV-540244,1,3.99,3.99,STK-84029G,KNITTED UNION FLAG HOT WATER BOTTLE,United Kingdom,PayPal,Delivered
CUST-1044,2026-03-10 09:00:00,INV-540245,INV-540245,1,2.36,2.36,STK-84879,ASSORTED COLOUR BIRD ORNAMENT,Spain,Credit Card,Delivered
CUST-1091,2026-03-11 08:00:00,INV-540246,INV-540246,1,2.0,2.0,STK-84406B,CREAM CUPID HEARTS COAT HANGER,United Kingdom,Credit Card,Delivered
CUST-1084,2026-03-12 18:00:00,INV-540247,INV-540247,1,2.06,2.06,STK-84406B,CREAM CUPID HEARTS COAT HANGER,United Kingdom,Debit Card,Delivered
CUST-1047,2026-03-12 19:00:00,INV-540248,INV-540248,2,5.63,11.26,STK-21730,GLASS STAR FROSTED T-LIGHT HOLDER,United Kingdom,Credit Card,Processing
CUST-1082,2026-03-13 14:00:00,INV-540249,INV-540249,4,1.87,7.48,STK-22633,HAND WARMER UNION JACK,United Kingdom,Credit Card,Delivered
CUST-1091,2026-03-14 10:00:00,INV-540250,INV-540250,1,7.27,7.27,STK-84029G,KNITTED UNION FLAG HOT WATER BOTTLE,Spain,Credit Card,Processing
CUST-1119,2026-03-14 16:00:00,INV-540251,INV-540251,1,3.55,3.55,STK-84406B,CREAM CUPID HEARTS COAT HANGER,United Kingdom,Credit Card,Shipped
CUST-1085,2026-03-14 17:00:00,INV-540252,INV-540252,3,2.7,8.1,STK-22633,HAND WARMER UNION JACK,Netherlands,Bank Transfer,Delivered
CUST-1038,2026-03-16 09:00:00,INV-540253,INV-540253,1,2.21,2.21,STK-22632,HAND WARMER RED POLKA DOT,United Kingdom,Credit Card,Delivered
CUST-1091,2026-03-20 12:00:00,INV-540254,INV-540254,4,2.32,9.28,STK-84406B,CREAM CUPID HEARTS COAT HANGER,United Kingdom,PayPal,Delivered
CUST-1091,2026-03-21 09:00:00,INV-540255,INV-540255,1,7.61,7.61,STK-71053,WHITE METAL LANTERN,Germany,Debit Card,Delivered
CUST-1036,2026-03-21 09:00:00,INV-540256,INV-540256,2,2.48,4.96,STK-84406B,CREAM CUPID HEARTS COAT HANGER,United Kingdom,Credit Card,Delivered
CUST-1101,2026-03-22 10:00:00,INV-540257,INV-540257,1,7.93,7.93,STK-21730,GLASS STAR FROSTED T-LIGHT HOLDER,United Kingdom,Credit Card,Delivered
CUST-1064,2026-03-22 14:00:00,INV-540258,INV-540258,1,3.68,3.68,STK-85123A,WHITE HANGING HEART T-LIGHT HOLDER,United Kingdom,Credit Card,Delivered
CUST-1091,2026-03-22 17:00:00,INV-540259,INV-540259,1,3.68,3.68,STK-85123A,WHITE HANGING HEART T-LIGHT HOLDER,United Kingdom,PayPal,Processing
CUST-1038,2026-03-24 11:00:00,INV-540260,INV-540260,1,1.85,1.85,STK-22632,HAND WARMER RED POLKA DOT,United Kingdom,Credit Card,Processing
CUST-1047,2026-03-24 19:00:00,INV-540261,INV-540261,4,2.53,10.12,STK-22633,HAND WARMER UNION JACK,EIRE,Credit Card,Delivered
CUST-1119,2026-03-26 09:00:00,INV-540262,INV-540262,1,2.65,2.65,STK-22632,HAND WARMER RED POLKA DOT,Germany,Credit Card,Delivered
CUST-1091,2026-03-26 11:00:00,INV-540263,INV-540263,1,2.29,2.29,STK-22632,HAND WARMER RED POLKA DOT,United Kingdom,Credit Card,Delivered
CUST-1091,2026-03-27 19:00:00,INV-540264,INV-540264,6,3.14,18.84,STK-22633,HAND WARMER UNION JACK,EIRE,Credit Card,Delivered
CUST-1091,2026-03-28 17:00:00,INV-540265,INV-540265,2,3.01,6.02,STK-22632,HAND WARMER RED POLKA DOT,United Kingdom,Bank Transfer,Delivered
CUST-1037,2026-03-29 10:00:00,INV-540266,INV-540266,1,5.58,5.58,STK-84029G,KNITTED UNION FLAG HOT WATER BOTTLE,United Kingdom,Bank Transfer,Delivered
CUST-1066,2026-03-30 14:00:00,INV-540267,INV-540267,3,5.63,16.89,STK-84029E,RED WOOLLY HOTTIE WHITE HEART,United Kingdom,Credit Card,Shipped
CUST-1095,2026-03-30 16:00:00,INV-540268,INV-540268,6,2.35,14.1,STK-84406B,CREAM CUPID HEARTS COAT HANGER,United Kingdom,Credit Card,Delivered
CUST-1091,2026-03-31 14:00:00,INV-540269,INV-540269,2,3.98,7.96,STK-84406B,CREAM CUPID HEARTS COAT HANGER,United Kingdom,Debit Card,Delivered
CUST-1000,2026-03-31 19:00:00,INV-540270,INV-540270,1,1.63,1.63,STK-84879,ASSORTED COLOUR BIRD ORNAMENT,United Kingdom,Bank Transfer,Delivered
CUST-1006,2026-04-01 09:00:00,INV-540271,INV-540271,1,1.82,1.82,STK-22633,HAND WARMER UNION JACK,Spain,Credit Card,Processing
CUST-1047,2026-04-03 10:00:00,INV-540272,INV-540272,1,2.18,2.18,STK-84879,ASSORTED COLOUR BIRD ORNAMENT,United Kingdom,Credit Card,Processing
CUST-1119,2026-04-04 15:00:00,INV-540273,INV-540273,1,8.05,8.05,STK-21730,GLASS STAR FROSTED T-LIGHT HOLDER,Germany,Credit Card,Delivered
CUST-1071,2026-04-05 09:00:00,INV-540274,INV-540274,3,3.66,10.98,STK-84406B,CREAM CUPID HEARTS COAT HANGER,United Kingdom,Credit Card,Delivered
CUST-1044,2026-04-05 09:00:00,INV-540275,INV-540275,1,3.12,3.12,STK-84029G,KNITTED UNION FLAG HOT WATER BOTTLE,United Kingdom,Debit Card,Delivered
CUST-1047,2026-04-06 10:00:00,INV-540276,INV-540276,2,4.53,9.06,STK-21730,GLASS STAR FROSTED T-LIGHT HOLDER,United Kingdom,Credit Card,Delivered
CUST-1037,2026-04-06 17:00:00,INV-540277,INV-540277,1,1.91,1.91,STK-84879,ASSORTED COLOUR BIRD ORNAMENT,Spain,PayPal,Shipped
CUST-1058,2026-04-07 11:00:00,INV-540278,INV-540278,2,3.92,7.84,STK-84406B,CREAM CUPID HEARTS COAT HANGER,United Kingdom,Credit Card,Delivered
CUST-1037,2026-04-07 17:00:00,INV-540279,INV-540279,1,2.78,2.78,STK-85123A,WHITE HANGING HEART T-LIGHT HOLDER,United Kingdom,Credit Card,Processing
CUST-1106,2026-04-08 13:00:00,INV-540280,INV-540280,6,6.07,36.42,STK-71053,WHITE METAL LANTERN,United Kingdom,PayPal,Delivered
CUST-1064,2026-04-08 16:00:00,INV-540281,INV-540281,1,5.35,5.35,STK-84029E,RED WOOLLY HOTTIE WHITE HEART,United Kingdom,PayPal,Shipped
CUST-1044,2026-04-09 13:00:00,INV-540282,INV-540282,1,3.08,3.08,STK-22632,HAND WARMER RED POLKA DOT,United Kingdom,Credit Card,Delivered
CUST-1119,2026-04-10 15:00:00,INV-540283,INV-540283,1,7.83,7.83,STK-71053,WHITE METAL LANTERN,Switzerland,PayPal,Delivered
CUST-1047,2026-04-11 12:00:00,INV-540284,INV-540284,1,2.8,2.8,STK-84879,ASSORTED COLOUR BIRD ORNAMENT,United Kingdom,Bank Transfer,Delivered
CUST-1119,2026-04-11 13:00:00,INV-540285,INV-540285,1,4.37,4.37,STK-84406B,CREAM CUPID HEARTS COAT HANGER,Belgium,Credit Card,Delivered
CUST-1006,2026-04-12 16:00:00,INV-540286,INV-540286,1,8.77,8.77,STK-21730,GLASS STAR FROSTED T-LIGHT HOLDER,Netherlands,Credit Card,Delivered
CUST-1091,2026-04-12 19:00:00,INV-540287,INV-540287,2,2.24,4.48,STK-84879,ASSORTED COLOUR BIRD ORNAMENT,United Kingdom,Credit Card,Delivered
CUST-1069,2026-04-13 08:00:00,INV-540288,INV-540288,1,3.76,3.76,STK-84406B,CREAM CUPID HEARTS COAT HANGER,Spain,PayPal,Delivered
CUST-1061,2026-04-13 15:00:00,INV-540289,INV-540289,2,6.16,12.32,STK-71053,WHITE METAL LANTERN,United Kingdom,Credit Card,Delivered
CUST-1006,2026-04-14 11:00:00,INV-540290,INV-540290,1,2.47,2.47,STK-84406B,CREAM CUPID HEARTS COAT HANGER,Germany,Credit Card,Delivered
CUST-1006,2026-04-16 08:00:00,INV-540291,INV-540291,2,1.81,3.62,STK-84879,ASSORTED COLOUR BIRD ORNAMENT,United Kingdom,Credit Card,Cancelled
CUST-1047,2026-04-17 08:00:00,INV-540292,INV-540292,1,3.03,3.03,STK-22633,HAND WARMER UNION JACK,United Kingdom,Debit Card,Delivered
CUST-1119,2026-04-17 12:00:00,INV-540293,INV-540293,2,1.75,3.5,STK-84879,ASSORTED COLOUR BIRD ORNAMENT,EIRE,PayPal,Shipped
CUST-1091,2026-04-17 14:00:00,INV-540294,INV-540294,2,2.27,4.54,STK-22632,HAND WARMER RED POLKA DOT,United Kingdom,Debit Card,Delivered
CUST-1047,2026-04-17 15:00:00,INV-540295,INV-540295,1,9.3,9.3,STK-22752,SET 7 BABUSHKA NESTING BOXES,United Kingdom,PayPal,Delivered
CUST-1091,2026-04-17 17:00:00,INV-540296,INV-540296,1,7.01,7.01,STK-84029E,RED WOOLLY HOTTIE WHITE HEART,United Kingdom,Debit Card,Shipped
CUST-1037,2026-04-18 08:00:00,INV-540297,INV-540297,2,4.77,9.54,STK-85123A,WHITE HANGING HEART T-LIGHT HOLDER,United Kingdom,PayPal,Delivered
CUST-1023,2026-04-18 10:00:00,INV-540298,INV-540298,4,3.12,12.48,STK-84029E,RED WOOLLY HOTTIE WHITE HEART,United Kingdom,Credit Card,Shipped
CUST-1047,2026-04-18 10:00:00,INV-540299,INV-540299,1,1.93,1.93,STK-22632,HAND WARMER RED POLKA DOT,United Kingdom,Credit Card,Shipped
CUST-1108,2026-04-18 12:00:00,INV-540300,INV-540300,1,2.31,2.31,STK-22633,HAND WARMER UNION JACK,United Kingdom,Credit Card,Delivered
CUST-1073,2026-04-19 14:00:00,INV-540301,INV-540301,1,12.82,12.82,STK-22752,SET 7 BABUSHKA NESTING BOXES,Belgium,Debit Card,Delivered
CUST-1047,2026-04-19 15:00:00,INV-540302,INV-540302,2,7.41,14.82,STK-84029E,RED WOOLLY HOTTIE WHITE HEART,United Kingdom,PayPal,Shipped
CUST-1119,2026-04-20 10:00:00,INV-540303,INV-540303,1,4.31,4.31,STK-85123A,WHITE HANGING HEART T-LIGHT HOLDER,EIRE,Debit Card,Delivered
CUST-1099,2026-04-20 19:00:00,INV-540304,INV-540304,1,3.88,3.88,STK-84029E,RED WOOLLY HOTTIE WHITE HEART,United Kingdom,Credit Card,Shipped
CUST-1047,2026-04-21 12:00:00,INV-540305,INV-540305,1,8.3,8.3,STK-21730,GLASS STAR FROSTED T-LIGHT HOLDER,United Kingdom,Credit Card,Delivered
CUST-1119,2026-04-21 13:00:00,INV-540306,INV-540306,2,3.26,6.52,STK-84406B,CREAM CUPID HEARTS COAT HANGER,United Kingdom,PayPal,Shipped
CUST-1119,2026-04-21 18:00:00,INV-540307,INV-540307,4,11.34,45.36,STK-22752,SET 7 BABUSHKA NESTING BOXES,United Kingdom,PayPal,Delivered
CUST-1057,2026-04-21 18:00:00,INV-540308,INV-540308,2,6.43,12.86,STK-71053,WHITE METAL LANTERN,France,PayPal,Cancelled
CUST-1091,2026-04-21 18:00:00,INV-540309,INV-540309,12,2.95,35.4,STK-22632,HAND WARMER RED POLKA DOT,United Kingdom,Credit Card,Delivered
CUST-1056,2026-04-22 11:00:00,INV-540310,INV-540310,2,13.53,27.06,STK-22752,SET 7 BABUSHKA NESTING BOXES,United Kingdom,Bank Transfer,Delivered
CUST-1040,2026-04-23 18:00:00,INV-540311,INV-540311,1,4.71,4.71,STK-85123A,WHITE HANGING HEART T-LIGHT HOLDER,France,PayPal,Shipped
CUST-1006,2026-04-24 17:00:00,INV-540312,INV-540312,1,6.36,6.36,STK-21730,GLASS STAR FROSTED T-LIGHT HOLDER,United Kingdom,PayPal,Delivered
CUST-1043,2026-04-26 19:00:00,INV-540313,INV-540313,1,1.85,1.85,STK-22632,HAND WARMER RED POLKA DOT,EIRE,Credit Card,Delivered
CUST-1044,2026-04-30 14:00:00,INV-540314,INV-540314,2,2.59,5.18,STK-84406B,CREAM CUPID HEARTS COAT HANGER,Germany,PayPal,Delivered
CUST-1053,2026-04-30 18:00:00,INV-540315,INV-540315,1,9.13,9.13,STK-22752,SET 7 BABUSHKA NESTING BOXES,United Kingdom,Credit Card,Shipped
CUST-1029,2026-05-03 18:00:00,INV-540316,INV-540316,1,3.41,3.41,STK-22632,HAND WARMER RED POLKA DOT,United Kingdom,PayPal,Delivered
CUST-1119,2026-05-04 11:00:00,INV-540317,INV-540317,1,6.7,6.7,STK-84029G,KNITTED UNION FLAG HOT WATER BOTTLE,Germany,Credit Card,Delivered
CUST-1008,2026-05-05 08:00:00,INV-540318,INV-540318,1,3.27,3.27,STK-22632,HAND WARMER RED POLKA DOT,United Kingdom,PayPal,Delivered
CUST-1091,2026-05-05 09:00:00,INV-540319,INV-540319,1,2.41,2.41,STK-84406B,CREAM CUPID HEARTS COAT HANGER,United Kingdom,Credit Card,Delivered
CUST-1061,2026-05-05 09:00:00,INV-540320,INV-540320,1,2.23,2.23,STK-22632,HAND WARMER RED POLKA DOT,United Kingdom,Debit Card,Delivered
CUST-1058,2026-05-05 19:00:00,INV-540321,INV-540321,6,2.72,16.32,STK-85123A,WHITE HANGING HEART T-LIGHT HOLDER,United Kingdom,Debit Card,Delivered
CUST-1047,2026-05-06 10:00:00,INV-540322,INV-540322,1,3.4,3.4,STK-22632,HAND WARMER RED POLKA DOT,United Kingdom,Bank Transfer,Shipped
CUST-1109,2026-05-08 10:00:00,INV-540323,INV-540323,1,3.74,3.74,STK-71053,WHITE METAL LANTERN,United Kingdom,Credit Card,Delivered
CUST-1044,2026-05-09 14:00:00,INV-540324,INV-540324,1,4.01,4.01,STK-71053,WHITE METAL LANTERN,United Kingdom,PayPal,Delivered
CUST-1005,2026-05-10 12:00:00,INV-540325,INV-540325,2,6.52,13.04,STK-21730,GLASS STAR FROSTED T-LIGHT HOLDER,United Kingdom,PayPal,Delivered
CUST-1119,2026-05-10 17:00:00,INV-540326,INV-540326,1,7.14,7.14,STK-84029G,KNITTED UNION FLAG HOT WATER BOTTLE,Portugal,Credit Card,Shipped
CUST-1108,2026-05-14 08:00:00,INV-540327,INV-540327,2,5.46,10.92,STK-21730,GLASS STAR FROSTED T-LIGHT HOLDER,United Kingdom,Credit Card,Delivered
CUST-1044,2026-05-15 08:00:00,INV-540328,INV-540328,1,3.3,3.3,STK-84406B,CREAM CUPID HEARTS COAT HANGER,United Kingdom,Credit Card,Delivered
CUST-1077,2026-05-15 10:00:00,INV-540329,INV-540329,2,5.22,10.44,STK-71053,WHITE METAL LANTERN,United Kingdom,PayPal,Delivered
CUST-1011,2026-05-15 16:00:00,INV-540330,INV-540330,12,3.35,40.2,STK-22633,HAND WARMER UNION JACK,Netherlands,Credit Card,Processing
CUST-1006,2026-05-15 19:00:00,INV-540331,INV-540331,1,2.16,2.16,STK-22633,HAND WARMER UNION JACK,EIRE,Credit Card,Delivered
CUST-1106,2026-05-16 15:00:00,INV-540332,INV-540332,1,3.74,3.74,STK-85123A,WHITE HANGING HEART T-LIGHT HOLDER,United Kingdom,Credit Card,Delivered
CUST-1057,2026-05-16 17:00:00,INV-540333,INV-540333,3,2.63,7.89,STK-85123A,WHITE HANGING HEART T-LIGHT HOLDER,United Kingdom,Debit Card,Delivered
CUST-1091,2026-05-17 12:00:00,INV-540334,INV-540334,2,4.33,8.66,STK-21730,GLASS STAR FROSTED T-LIGHT HOLDER,United Kingdom,PayPal,Delivered
CUST-1119,2026-05-19 13:00:00,INV-540335,INV-540335,6,2.79,16.74,STK-84406B,CREAM CUPID HEARTS COAT HANGER,United Kingdom,Credit Card,Delivered
CUST-1038,2026-05-19 18:00:00,INV-540336,INV-540336,1,4.9,4.9,STK-85123A,WHITE HANGING HEART T-LIGHT HOLDER,United Kingdom,Debit Card,Delivered
CUST-1004,2026-05-20 11:00:00,INV-540337,INV-540337,1,2.62,2.62,STK-84879,ASSORTED COLOUR BIRD ORNAMENT,Germany,Bank Transfer,Delivered
CUST-1006,2026-05-21 18:00:00,INV-540338,INV-540338,1,5.1,5.1,STK-71053,WHITE METAL LANTERN,Switzerland,Credit Card,Processing
CUST-1091,2026-05-21 18:00:00,INV-540339,INV-540339,1,3.82,3.82,STK-85123A,WHITE HANGING HEART T-LIGHT HOLDER,United Kingdom,Credit Card,Delivered
CUST-1119,2026-05-22 19:00:00,INV-540340,INV-540340,1,7.25,7.25,STK-71053,WHITE METAL LANTERN,Germany,Debit Card,Delivered
CUST-1064,2026-05-23 08:00:00,INV-540341,INV-540341,1,1.58,1.58,STK-84879,ASSORTED COLOUR BIRD ORNAMENT,United Kingdom,PayPal,Processing
CUST-1048,2026-05-24 12:00:00,INV-540342,INV-540342,4,1.93,7.72,STK-84879,ASSORTED COLOUR BIRD ORNAMENT,United Kingdom,PayPal,Delivered
CUST-1082,2026-05-25 14:00:00,INV-540343,INV-540343,1,7.42,7.42,STK-84029E,RED WOOLLY HOTTIE WHITE HEART,United Kingdom,Credit Card,Shipped
CUST-1108,2026-05-25 15:00:00,INV-540344,INV-540344,1,3.9,3.9,STK-84029G,KNITTED UNION FLAG HOT WATER BOTTLE,United Kingdom,Credit Card,Processing
CUST-1091,2026-05-25 19:00:00,INV-540345,INV-540345,1,3.0,3.0,STK-84029G,KNITTED UNION FLAG HOT WATER BOTTLE,United Kingdom,Bank Transfer,Processing
CUST-1038,2026-05-25 19:00:00,INV-540346,INV-540346,3,2.25,6.75,STK-84879,ASSORTED COLOUR BIRD ORNAMENT,Switzerland,Bank Transfer,Delivered
CUST-1091,2026-05-26 08:00:00,INV-540347,INV-540347,1,6.43,6.43,STK-21730,GLASS STAR FROSTED T-LIGHT HOLDER,United Kingdom,Bank Transfer,Delivered
CUST-1019,2026-05-26 11:00:00,INV-540348,INV-540348,1,4.35,4.35,STK-21730,GLASS STAR FROSTED T-LIGHT HOLDER,United Kingdom,Credit Card,Processing
CUST-1023,2026-05-26 11:00:00,INV-540349,INV-540349,3,3.1,9.3,STK-85123A,WHITE HANGING HEART T-LIGHT HOLDER,United Kingdom,PayPal,Delivered
CUST-1091,2026-05-26 12:00:00,INV-540350,INV-540350,1,2.59,2.59,STK-22633,HAND WARMER UNION JACK,United Kingdom,PayPal,Delivered
CUST-1038,2026-05-27 10:00:00,INV-540351,INV-540351,3,2.51,7.53,STK-22632,HAND WARMER RED POLKA DOT,United Kingdom,Debit Card,Shipped
CUST-1091,2026-05-29 08:00:00,INV-540352,INV-540352,3,3.46,10.38,STK-84406B,CREAM CUPID HEARTS COAT HANGER,United Kingdom,Credit Card,Delivered
CUST-1047,2026-05-29 11:00:00,INV-540353,INV-540353,1,2.94,2.94,STK-22632,HAND WARMER RED POLKA DOT,United Kingdom,Credit Card,Delivered
CUST-1044,2026-05-30 16:00:00,INV-540354,INV-540354,4,2.86,11.44,STK-84879,ASSORTED COLOUR BIRD ORNAMENT,United Kingdom,Bank Transfer,Delivered
CUST-1119,2026-06-01 15:00:00,INV-540355,INV-540355,2,2.68,5.36,STK-84879,ASSORTED COLOUR BIRD ORNAMENT,France,Credit Card,Delivered
CUST-1006,2026-06-02 09:00:00,INV-540356,INV-540356,1,6.02,6.02,STK-21730,GLASS STAR FROSTED T-LIGHT HOLDER,United Kingdom,PayPal,Delivered
CUST-1091,2026-06-02 17:00:00,INV-540357,INV-540357,1,1.88,1.88,STK-22632,HAND WARMER RED POLKA DOT,United Kingdom,Bank Transfer,Delivered
CUST-1006,2026-06-02 18:00:00,INV-540358,INV-540358,1,3.06,3.06,STK-84406B,CREAM CUPID HEARTS COAT HANGER,United Kingdom,Bank Transfer,Shipped
CUST-1091,2026-06-03 12:00:00,INV-540359,INV-540359,1,8.02,8.02,STK-21730,GLASS STAR FROSTED T-LIGHT HOLDER,United Kingdom,Credit Card,Delivered
CUST-1038,2026-06-04 10:00:00,INV-540360,INV-540360,6,3.73,22.38,STK-85123A,WHITE HANGING HEART T-LIGHT HOLDER,United Kingdom,PayPal,Cancelled
CUST-1006,2026-06-04 12:00:00,INV-540361,INV-540361,2,2.46,4.92,STK-22633,HAND WARMER UNION JACK,EIRE,Credit Card,Shipped
CUST-1091,2026-06-04 18:00:00,INV-540362,INV-540362,3,3.15,9.45,STK-85123A,WHITE HANGING HEART T-LIGHT HOLDER,United Kingdom,Debit Card,Delivered
CUST-1091,2026-06-06 18:00:00,INV-540363,INV-540363,1,2.91,2.91,STK-84406B,CREAM CUPID HEARTS COAT HANGER,United Kingdom,Credit Card,Delivered
CUST-1091,2026-06-10 14:00:00,INV-540364,INV-540364,1,2.94,2.94,STK-22633,HAND WARMER UNION JACK,United Kingdom,Credit Card,Delivered
CUST-1006,2026-06-10 16:00:00,INV-540365,INV-540365,1,6.22,6.22,STK-84029G,KNITTED UNION FLAG HOT WATER BOTTLE,Portugal,Credit Card,Delivered
CUST-1047,2026-06-13 14:00:00,INV-540366,INV-540366,1,2.8,2.8,STK-22632,HAND WARMER RED POLKA DOT,United Kingdom,PayPal,Delivered
CUST-1063,2026-06-14 10:00:00,INV-540367,INV-540367,1,5.4,5.4,STK-21730,GLASS STAR FROSTED T-LIGHT HOLDER,United Kingdom,Credit Card,Delivered
CUST-1047,2026-06-14 15:00:00,INV-540368,INV-540368,2,2.28,4.56,STK-22632,HAND WARMER RED POLKA DOT,United Kingdom,Bank Transfer,Delivered
CUST-1095,2026-06-16 08:00:00,INV-540369,INV-540369,1,1.83,1.83,STK-22633,HAND WARMER UNION JACK,United Kingdom,PayPal,Delivered
CUST-1018,2026-06-16 13:00:00,INV-540370,INV-540370,1,5.51,5.51,STK-84029G,KNITTED UNION FLAG HOT WATER BOTTLE,United Kingdom,Credit Card,Cancelled
CUST-1091,2026-06-16 14:00:00,INV-540371,INV-540371,2,8.17,16.34,STK-21730,GLASS STAR FROSTED T-LIGHT HOLDER,United Kingdom,PayPal,Delivered
CUST-1119,2026-06-16 18:00:00,INV-540372,INV-540372,4,4.48,17.92,STK-84406B,CREAM CUPID HEARTS COAT HANGER,United Kingdom,Credit Card,Cancelled
CUST-1119,2026-06-18 19:00:00,INV-540373,INV-540373,2,5.56,11.12,STK-84029G,KNITTED UNION FLAG HOT WATER BOTTLE,United Kingdom,Debit Card,Delivered
CUST-1038,2026-06-19 12:00:00,INV-540374,INV-540374,2,3.2,6.4,STK-22632,HAND WARMER RED POLKA DOT,United Kingdom,Credit Card,Delivered
CUST-1000,2026-06-19 13:00:00,INV-540375,INV-540375,1,7.7,7.7,STK-21730,GLASS STAR FROSTED T-LIGHT HOLDER,Germany,Bank Transfer,Shipped
CUST-1119,2026-06-19 13:00:00,INV-540376,INV-540376,1,9.4,9.4,STK-22752,SET 7 BABUSHKA NESTING BOXES,United Kingdom,Credit Card,Delivered
CUST-1113,2026-06-21 11:00:00,INV-540377,INV-540377,2,5.56,11.12,STK-84029G,KNITTED UNION FLAG HOT WATER BOTTLE,Germany,Credit Card,Processing
CUST-1119,2026-06-21 15:00:00,INV-540378,INV-540378,1,2.22,2.22,STK-22632,HAND WARMER RED POLKA DOT,United Kingdom,Bank Transfer,Delivered
CUST-1058,2026-06-22 15:00:00,INV-540379,INV-540379,1,2.7,2.7,STK-84406B,CREAM CUPID HEARTS COAT HANGER,United Kingdom,Credit Card,Delivered
CUST-1091,2026-06-22 15:00:00,INV-540380,INV-540380,3,6.82,20.46,STK-84029E,RED WOOLLY HOTTIE WHITE HEART,United Kingdom,Credit Card,Delivered
CUST-1037,2026-06-22 16:00:00,INV-540381,INV-540381,2,2.3,4.6,STK-84406B,CREAM CUPID HEARTS COAT HANGER,United Kingdom,Credit Card,Delivered
CUST-1051,2026-06-24 12:00:00,INV-540382,INV-540382,1,5.86,5.86,STK-84029G,KNITTED UNION FLAG HOT WATER BOTTLE,France,Credit Card,Delivered
CUST-1107,2026-06-24 18:00:00,INV-540383,INV-540383,2,5.05,10.1,STK-71053,WHITE METAL LANTERN,United Kingdom,PayPal,Delivered
CUST-1015,2026-06-25 08:00:00,INV-540384,INV-540384,2,2.02,4.04,STK-84879,ASSORTED COLOUR BIRD ORNAMENT,United Kingdom,PayPal,Delivered
CUST-1116,2026-06-25 15:00:00,INV-540385,INV-540385,3,3.62,10.86,STK-84406B,CREAM CUPID HEARTS COAT HANGER,EIRE,Bank Transfer,Delivered
CUST-1071,2026-06-25 18:00:00,INV-540386,INV-540386,2,1.83,3.66,STK-84879,ASSORTED COLOUR BIRD ORNAMENT,United Kingdom,PayPal,Delivered
CUST-1058,2026-06-25 19:00:00,INV-540387,INV-540387,2,5.82,11.64,STK-84029E,RED WOOLLY HOTTIE WHITE HEART,Netherlands,Credit Card,Delivered
CUST-1047,2026-06-26 13:00:00,INV-540388,INV-540388,1,2.79,2.79,STK-22633,HAND WARMER UNION JACK,Netherlands,Debit Card,Processing
CUST-1119,2026-06-26 14:00:00,INV-540389,INV-540389,2,2.56,5.12,STK-85123A,WHITE HANGING HEART T-LIGHT HOLDER,United Kingdom,Credit Card,Delivered
CUST-1075,2026-06-26 16:00:00,INV-540390,INV-540390,1,3.15,3.15,STK-84029E,RED WOOLLY HOTTIE WHITE HEART,Netherlands,Credit Card,Delivered
CUST-1094,2026-06-27 09:00:00,INV-540391,INV-540391,1,5.81,5.81,STK-84029G,KNITTED UNION FLAG HOT WATER BOTTLE,Germany,Credit Card,Delivered
CUST-1108,2026-06-27 13:00:00,INV-540392,INV-540392,2,2.14,4.28,STK-84879,ASSORTED COLOUR BIRD ORNAMENT,France,Credit Card,Delivered
CUST-1119,2026-06-29 18:00:00,INV-540393,INV-540393,1,12.11,12.11,STK-22752,SET 7 BABUSHKA NESTING BOXES,United Kingdom,PayPal,Delivered
CUST-1047,2026-06-29 19:00:00,INV-540394,INV-540394,1,2.88,2.88,STK-84879,ASSORTED COLOUR BIRD ORNAMENT,United Kingdom,Credit Card,Processing
CUST-1047,2026-06-30 19:00:00,INV-540395,INV-540395,1,1.87,1.87,STK-84879,ASSORTED COLOUR BIRD ORNAMENT,France,PayPal,Delivered
CUST-1090,2026-06-30 19:00:00,INV-540396,INV-540396,2,7.51,15.02,STK-71053,WHITE METAL LANTERN,EIRE,Bank Transfer,Processing
CUST-1061,2026-07-01 08:00:00,INV-540397,INV-540397,4,3.4,13.6,STK-22632,HAND WARMER RED POLKA DOT,United Kingdom,PayPal,Delivered
CUST-1119,2026-07-01 11:00:00,INV-540398,INV-540398,3,2.68,8.04,STK-84879,ASSORTED COLOUR BIRD ORNAMENT,United Kingdom,Credit Card,Delivered
CUST-1052,2026-07-03 12:00:00,INV-540399,INV-540399,1,1.95,1.95,STK-22633,HAND WARMER UNION JACK,United Kingdom,Credit Card,Delivered
CUST-1066,2026-07-04 14:00:00,INV-540400,INV-540400,1,1.81,1.81,STK-22633,HAND WARMER UNION JACK,United Kingdom,Credit Card,Delivered
CUST-1091,2026-07-04 17:00:00,INV-540401,INV-540401,1,1.55,1.55,STK-84879,ASSORTED COLOUR BIRD ORNAMENT,United Kingdom,PayPal,Cancelled
CUST-1055,2026-07-04 19:00:00,INV-540402,INV-540402,4,5.82,23.28,STK-71053,WHITE METAL LANTERN,Netherlands,Credit Card,Delivered
CUST-1119,2026-07-05 10:00:00,INV-540403,INV-540403,1,7.93,7.93,STK-21730,GLASS STAR FROSTED T-LIGHT HOLDER,United Kingdom,PayPal,Delivered
CUST-1007,2026-07-06 08:00:00,INV-540404,INV-540404,1,11.08,11.08,STK-22752,SET 7 BABUSHKA NESTING BOXES,United Kingdom,Credit Card,Delivered
CUST-1037,2026-07-06 16:00:00,INV-540405,INV-540405,2,3.37,6.74,STK-22632,HAND WARMER RED POLKA DOT,United Kingdom,Credit Card,Delivered
CUST-1047,2026-07-06 18:00:00,INV-540406,INV-540406,1,14.02,14.02,STK-22752,SET 7 BABUSHKA NESTING BOXES,United Kingdom,PayPal,Delivered
CUST-1021,2026-07-07 11:00:00,INV-540407,INV-540407,3,10.57,31.71,STK-22752,SET 7 BABUSHKA NESTING BOXES,United Kingdom,Credit Card,Delivered
CUST-1046,2026-07-08 13:00:00,INV-540408,INV-540408,4,4.1,16.4,STK-21730,GLASS STAR FROSTED T-LIGHT HOLDER,Belgium,PayPal,Delivered
CUST-1091,2026-07-09 10:00:00,INV-540409,INV-540409,2,8.19,16.38,STK-21730,GLASS STAR FROSTED T-LIGHT HOLDER,United Kingdom,Debit Card,Delivered
CUST-1076,2026-07-10 09:00:00,INV-540410,INV-540410,3,2.71,8.13,STK-22633,HAND WARMER UNION JACK,Switzerland,Credit Card,Delivered
CUST-1006,2026-07-10 17:00:00,INV-540411,INV-540411,1,6.11,6.11,STK-84029E,RED WOOLLY HOTTIE WHITE HEART,United Kingdom,Credit Card,Delivered
CUST-1119,2026-07-10 19:00:00,INV-540412,INV-540412,1,7.26,7.26,STK-21730,GLASS STAR FROSTED T-LIGHT HOLDER,United Kingdom,PayPal,Delivered
CUST-1091,2026-07-12 11:00:00,INV-540413,INV-540413,1,2.79,2.79,STK-84406B,CREAM CUPID HEARTS COAT HANGER,United Kingdom,Credit Card,Delivered
CUST-1006,2026-07-12 15:00:00,INV-540414,INV-540414,3,3.12,9.36,STK-85123A,WHITE HANGING HEART T-LIGHT HOLDER,EIRE,Credit Card,Delivered
CUST-1091,2026-07-13 13:00:00,INV-540415,INV-540415,1,3.93,3.93,STK-71053,WHITE METAL LANTERN,United Kingdom,PayPal,Delivered
CUST-1049,2026-07-13 17:00:00,INV-540416,INV-540416,2,6.02,12.04,STK-84029E,RED WOOLLY HOTTIE WHITE HEART,United Kingdom,Credit Card,Delivered
CUST-1019,2026-07-14 17:00:00,INV-540417,INV-540417,1,1.68,1.68,STK-84879,ASSORTED COLOUR BIRD ORNAMENT,United Kingdom,Credit Card,Delivered
CUST-1084,2026-07-14 18:00:00,INV-540418,INV-540418,2,7.07,14.14,STK-84029E,RED WOOLLY HOTTIE WHITE HEART,United Kingdom,Bank Transfer,Processing
CUST-1091,2026-07-15 10:00:00,INV-540419,INV-540419,1,4.6,4.6,STK-21730,GLASS STAR FROSTED T-LIGHT HOLDER,United Kingdom,PayPal,Delivered
CUST-1091,2026-07-15 13:00:00,INV-540420,INV-540420,3,4.55,13.65,STK-84029G,KNITTED UNION FLAG HOT WATER BOTTLE,Germany,Credit Card,Delivered
CUST-1038,2026-07-16 12:00:00,INV-540421,INV-540421,1,8.99,8.99,STK-21730,GLASS STAR FROSTED T-LIGHT HOLDER,United Kingdom,Credit Card,Delivered
CUST-1079,2026-07-16 16:00:00,INV-540422,INV-540422,1,4.42,4.42,STK-71053,WHITE METAL LANTERN,United Kingdom,Credit Card,Delivered
CUST-1081,2026-07-17 09:00:00,INV-540423,INV-540423,1,1.94,1.94,STK-22633,HAND WARMER UNION JACK,Germany,PayPal,Delivered
CUST-1091,2026-07-17 12:00:00,INV-540424,INV-540424,2,3.45,6.9,STK-84406B,CREAM CUPID HEARTS COAT HANGER,Netherlands,PayPal,Delivered
CUST-1047,2026-07-17 13:00:00,INV-540425,INV-540425,1,2.78,2.78,STK-22633,HAND WARMER UNION JACK,United Kingdom,PayPal,Delivered
CUST-1093,2026-07-19 18:00:00,INV-540426,INV-540426,1,11.53,11.53,STK-22752,SET 7 BABUSHKA NESTING BOXES,United Kingdom,Credit Card,Delivered
CUST-1091,2026-07-20 13:00:00,INV-540427,INV-540427,2,2.5,5.0,STK-22632,HAND WARMER RED POLKA DOT,United Kingdom,PayPal,Delivered
CUST-1006,2026-07-20 16:00:00,INV-540428,INV-540428,1,5.9,5.9,STK-84029E,RED WOOLLY HOTTIE WHITE HEART,United Kingdom,PayPal,Processing
CUST-1084,2026-07-22 10:00:00,INV-540429,INV-540429,12,1.6,19.2,STK-84879,ASSORTED COLOUR BIRD ORNAMENT,Germany,PayPal,Shipped
CUST-1108,2026-07-25 13:00:00,INV-540430,INV-540430,12,1.69,20.28,STK-84879,ASSORTED COLOUR BIRD ORNAMENT,United Kingdom,Debit Card,Delivered
CUST-1084,2026-07-26 11:00:00,INV-540431,INV-540431,3,13.48,40.44,STK-22752,SET 7 BABUSHKA NESTING BOXES,Germany,Credit Card,Delivered
CUST-1025,2026-07-26 12:00:00,INV-540432,INV-540432,1,5.88,5.88,STK-84029E,RED WOOLLY HOTTIE WHITE HEART,United Kingdom,Debit Card,Processing
CUST-1073,2026-07-27 14:00:00,INV-540433,INV-540433,1,2.42,2.42,STK-84879,ASSORTED COLOUR BIRD ORNAMENT,Portugal,PayPal,Delivered
CUST-1091,2026-07-29 18:00:00,INV-540434,INV-540434,12,2.21,26.52,STK-84879,ASSORTED COLOUR BIRD ORNAMENT,United Kingdom,PayPal,Delivered
CUST-1011,2026-07-30 19:00:00,INV-540435,INV-540435,2,10.01,20.02,STK-22752,SET 7 BABUSHKA NESTING BOXES,Germany,Debit Card,Delivered
CUST-1100,2026-07-31 09:00:00,INV-540436,INV-540436,6,4.48,26.88,STK-71053,WHITE METAL LANTERN,United Kingdom,PayPal,Delivered
CUST-1023,2026-07-31 12:00:00,INV-540437,INV-540437,1,3.69,3.69,STK-84406B,CREAM CUPID HEARTS COAT HANGER,United Kingdom,Bank Transfer,Shipped
CUST-1081,2026-08-02 11:00:00,INV-540438,INV-540438,2,4.67,9.34,STK-85123A,WHITE HANGING HEART T-LIGHT HOLDER,France,Debit Card,Delivered
CUST-1051,2026-08-02 15:00:00,INV-540439,INV-540439,1,1.99,1.99,STK-22632,HAND WARMER RED POLKA DOT,Spain,Credit Card,Delivered
CUST-1038,2026-08-03 16:00:00,INV-540440,INV-540440,1,2.56,2.56,STK-84406B,CREAM CUPID HEARTS COAT HANGER,EIRE,Credit Card,Delivered
CUST-1091,2026-08-04 12:00:00,INV-540441,INV-540441,3,5.42,16.26,STK-84029G,KNITTED UNION FLAG HOT WATER BOTTLE,United Kingdom,Credit Card,Delivered
CUST-1006,2026-08-04 13:00:00,INV-540442,INV-540442,1,1.93,1.93,STK-84879,ASSORTED COLOUR BIRD ORNAMENT,United Kingdom,PayPal,Shipped
CUST-1091,2026-08-04 18:00:00,INV-540443,INV-540443,6,6.87,41.22,STK-84029E,RED WOOLLY HOTTIE WHITE HEART,France,Credit Card,Cancelled
CUST-1079,2026-08-04 19:00:00,INV-540444,INV-540444,1,5.72,5.72,STK-71053,WHITE METAL LANTERN,United Kingdom,Credit Card,Delivered
CUST-1113,2026-08-05 09:00:00,INV-540445,INV-540445,1,1.89,1.89,STK-84879,ASSORTED COLOUR BIRD ORNAMENT,United Kingdom,Credit Card,Processing
CUST-1076,2026-08-08 15:00:00,INV-540446,INV-540446,1,1.69,1.69,STK-84879,ASSORTED COLOUR BIRD ORNAMENT,EIRE,Bank Transfer,Shipped
CUST-1006,2026-08-08 18:00:00,INV-540447,INV-540447,1,2.5,2.5,STK-22633,HAND WARMER UNION JACK,United Kingdom,PayPal,Delivered
CUST-1021,2026-08-09 12:00:00,INV-540448,INV-540448,2,11.21,22.42,STK-22752,SET 7 BABUSHKA NESTING BOXES,United Kingdom,PayPal,Cancelled
CUST-1093,2026-08-11 19:00:00,INV-540449,INV-540449,1,3.34,3.34,STK-84406B,CREAM CUPID HEARTS COAT HANGER,United Kingdom,PayPal,Delivered
CUST-1071,2026-08-13 10:00:00,INV-540450,INV-540450,1,11.63,11.63,STK-22752,SET 7 BABUSHKA NESTING BOXES,United Kingdom,Credit Card,Delivered
CUST-1061,2026-08-13 12:00:00,INV-540451,INV-540451,1,2.41,2.41,STK-84879,ASSORTED COLOUR BIRD ORNAMENT,United Kingdom,PayPal,Delivered
CUST-1047,2026-08-13 14:00:00,INV-540452,INV-540452,2,3.24,6.48,STK-22632,HAND WARMER RED POLKA DOT,United Kingdom,Credit Card,Delivered
CUST-1046,2026-08-14 10:00:00,INV-540453,INV-540453,1,3.85,3.85,STK-84029G,KNITTED UNION FLAG HOT WATER BOTTLE,United Kingdom,PayPal,Delivered
CUST-1119,2026-08-16 09:00:00,INV-540454,INV-540454,2,10.36,20.72,STK-22752,SET 7 BABUSHKA NESTING BOXES,United Kingdom,PayPal,Delivered
CUST-1059,2026-08-16 10:00:00,INV-540455,INV-540455,3,7.25,21.75,STK-21730,GLASS STAR FROSTED T-LIGHT HOLDER,United Kingdom,Credit Card,Delivered
CUST-1113,2026-08-17 08:00:00,INV-540456,INV-540456,1,2.04,2.04,STK-22633,HAND WARMER UNION JACK,United Kingdom,Credit Card,Delivered
CUST-1091,2026-08-17 12:00:00,INV-540457,INV-540457,4,6.86,27.44,STK-71053,WHITE METAL LANTERN,United Kingdom,Credit Card,Delivered
CUST-1108,2026-08-17 19:00:00,INV-540458,INV-540458,1,2.81,2.81,STK-84406B,CREAM CUPID HEARTS COAT HANGER,Germany,Credit Card,Shipped
CUST-1108,2026-08-17 19:00:00,INV-540459,INV-540459,4,5.09,20.36,STK-71053,WHITE METAL LANTERN,United Kingdom,Credit Card,Delivered
CUST-1119,2026-08-18 16:00:00,INV-540460,INV-540460,1,4.96,4.96,STK-85123A,WHITE HANGING HEART T-LIGHT HOLDER,United Kingdom,Bank Transfer,Delivered
CUST-1091,2026-08-19 12:00:00,INV-540461,INV-540461,1,6.84,6.84,STK-71053,WHITE METAL LANTERN,EIRE,Credit Card,Cancelled
CUST-1095,2026-08-20 15:00:00,INV-540462,INV-540462,2,4.39,8.78,STK-21730,GLASS STAR FROSTED T-LIGHT HOLDER,United Kingdom,PayPal,Delivered
CUST-1091,2026-08-21 13:00:00,INV-540463,INV-540463,1,2.22,2.22,STK-84879,ASSORTED COLOUR BIRD ORNAMENT,United Kingdom,PayPal,Delivered
CUST-1091,2026-08-22 14:00:00,INV-540464,INV-540464,2,6.66,13.32,STK-71053,WHITE METAL LANTERN,United Kingdom,Credit Card,Cancelled
CUST-1091,2026-08-22 14:00:00,INV-540465,INV-540465,2,6.93,13.86,STK-84029G,KNITTED UNION FLAG HOT WATER BOTTLE,United Kingdom,Credit Card,Processing
CUST-1091,2026-08-22 15:00:00,INV-540466,INV-540466,1,3.39,3.39,STK-84029E,RED WOOLLY HOTTIE WHITE HEART,United Kingdom,Credit Card,Delivered
CUST-1006,2026-08-23 11:00:00,INV-540467,INV-540467,1,4.75,4.75,STK-84029E,RED WOOLLY HOTTIE WHITE HEART,Germany,Credit Card,Cancelled
CUST-1075,2026-08-24 16:00:00,INV-540468,INV-540468,1,3.3,3.3,STK-22632,HAND WARMER RED POLKA DOT,France,Credit Card,Delivered
CUST-1093,2026-08-25 10:00:00,INV-540469,INV-540469,2,6.92,13.84,STK-21730,GLASS STAR FROSTED T-LIGHT HOLDER,United Kingdom,PayPal,Delivered
CUST-1038,2026-08-26 10:00:00,INV-540470,INV-540470,3,6.55,19.65,STK-84029G,KNITTED UNION FLAG HOT WATER BOTTLE,United Kingdom,Credit Card,Delivered
CUST-1064,2026-08-27 14:00:00,INV-540471,INV-540471,1,2.55,2.55,STK-85123A,WHITE HANGING HEART T-LIGHT HOLDER,Germany,Credit Card,Processing
CUST-1060,2026-08-28 08:00:00,INV-540472,INV-540472,1,2.82,2.82,STK-22632,HAND WARMER RED POLKA DOT,United Kingdom,Bank Transfer,Delivered
CUST-1054,2026-08-28 10:00:00,INV-540473,INV-540473,2,6.96,13.92,STK-21730,GLASS STAR FROSTED T-LIGHT HOLDER,France,Credit Card,Delivered
CUST-1015,2026-08-30 16:00:00,INV-540474,INV-540474,4,3.13,12.52,STK-22633,HAND WARMER UNION JACK,United Kingdom,Credit Card,Delivered
CUST-1079,2026-08-30 18:00:00,INV-540475,INV-540475,4,6.62,26.48,STK-84029E,RED WOOLLY HOTTIE WHITE HEART,Netherlands,PayPal,Delivered
CUST-1062,2026-09-01 11:00:00,INV-540476,INV-540476,1,6.9,6.9,STK-84029E,RED WOOLLY HOTTIE WHITE HEART,United Kingdom,Bank Transfer,Delivered
CUST-1091,2026-09-03 15:00:00,INV-540477,INV-540477,1,1.76,1.76,STK-84879,ASSORTED COLOUR BIRD ORNAMENT,United Kingdom,Credit Card,Delivered
CUST-1084,2026-09-04 09:00:00,INV-540478,INV-540478,1,3.36,3.36,STK-22633,HAND WARMER UNION JACK,United Kingdom,Credit Card,Processing
CUST-1006,2026-09-04 16:00:00,INV-540479,INV-540479,3,6.81,20.43,STK-84029G,KNITTED UNION FLAG HOT WATER BOTTLE,United Kingdom,Credit Card,Cancelled
CUST-1006,2026-09-05 12:00:00,INV-540480,INV-540480,2,3.99,7.98,STK-84406B,CREAM CUPID HEARTS COAT HANGER,United Kingdom,PayPal,Delivered
CUST-1091,2026-09-05 15:00:00,INV-540481,INV-540481,1,1.53,1.53,STK-84879,ASSORTED COLOUR BIRD ORNAMENT,Australia,Debit Card,Delivered
CUST-1091,2026-09-05 19:00:00,INV-540482,INV-540482,2,5.67,11.34,STK-71053,WHITE METAL LANTERN,United Kingdom,PayPal,Delivered
CUST-1119,2026-09-07 09:00:00,INV-540483,INV-540483,1,7.07,7.07,STK-84029E,RED WOOLLY HOTTIE WHITE HEART,United Kingdom,PayPal,Delivered
CUST-1113,2026-09-07 12:00:00,INV-540484,INV-540484,2,1.83,3.66,STK-22632,HAND WARMER RED POLKA DOT,France,Credit Card,Shipped
CUST-1064,2026-09-07 14:00:00,INV-540485,INV-540485,2,1.77,3.54,STK-84879,ASSORTED COLOUR BIRD ORNAMENT,Germany,Credit Card,Delivered
CUST-1091,2026-09-07 15:00:00,INV-540486,INV-540486,12,4.72,56.64,STK-71053,WHITE METAL LANTERN,United Kingdom,Debit Card,Shipped
CUST-1064,2026-09-09 19:00:00,INV-540487,INV-540487,2,2.36,4.72,STK-22632,HAND WARMER RED POLKA DOT,United Kingdom,Credit Card,Delivered
CUST-1038,2026-09-10 09:00:00,INV-540488,INV-540488,1,5.14,5.14,STK-71053,WHITE METAL LANTERN,France,Credit Card,Delivered
CUST-1049,2026-09-11 11:00:00,INV-540489,INV-540489,2,3.94,7.88,STK-84406B,CREAM CUPID HEARTS COAT HANGER,United Kingdom,PayPal,Shipped
CUST-1009,2026-09-11 12:00:00,INV-540490,INV-540490,1,3.08,3.08,STK-22633,HAND WARMER UNION JACK,Netherlands,Credit Card,Delivered
CUST-1091,2026-09-12 11:00:00,INV-540491,INV-540491,1,2.13,2.13,STK-22633,HAND WARMER UNION JACK,United Kingdom,Credit Card,Delivered
CUST-1032,2026-09-12 14:00:00,INV-540492,INV-540492,1,3.36,3.36,STK-85123A,WHITE HANGING HEART T-LIGHT HOLDER,United Kingdom,Credit Card,Delivered
CUST-1066,2026-09-13 15:00:00,INV-540493,INV-540493,1,3.46,3.46,STK-22633,HAND WARMER UNION JACK,Portugal,Bank Transfer,Shipped
CUST-1119,2026-09-13 15:00:00,INV-540494,INV-540494,6,7.77,46.62,STK-71053,WHITE METAL LANTERN,Germany,Credit Card,Delivered
CUST-1006,2026-09-14 10:00:00,INV-540495,INV-540495,2,1.78,3.56,STK-84879,ASSORTED COLOUR BIRD ORNAMENT,United Kingdom,Credit Card,Delivered
CUST-1021,2026-09-14 17:00:00,INV-540496,INV-540496,2,3.67,7.34,STK-85123A,WHITE HANGING HEART T-LIGHT HOLDER,Netherlands,Credit Card,Delivered
CUST-1047,2026-09-16 12:00:00,INV-540497,INV-540497,1,5.38,5.38,STK-71053,WHITE METAL LANTERN,Netherlands,PayPal,Cancelled
CUST-1119,2026-09-16 14:00:00,INV-540498,INV-540498,1,2.15,2.15,STK-22633,HAND WARMER UNION JACK,United Kingdom,PayPal,Delivered
CUST-1119,2026-09-16 19:00:00,INV-540499,INV-540499,1,3.97,3.97,STK-84406B,CREAM CUPID HEARTS COAT HANGER,United Kingdom,Credit Card,Delivered
CUST-1022,2026-09-16 19:00:00,INV-540500,INV-540500,2,9.11,18.22,STK-22752,SET 7 BABUSHKA NESTING BOXES,EIRE,PayPal,Processing
